window_id,timestamp,datetime,duration,flow_count,CPWE,CPRF,RFPSD,RFBSD,CFER
0,1743372340.513844,2025-03-30 23:05:40.513844,13.666260004043579,2,0.9971803988942642,1.1707665444141933,12.0,1196.5,2.0
1,1743372354.180143,2025-03-30 23:05:54.180143,10.316520929336548,3,1.0,1.0339402924424286,6.79869268479038,656.8749246749085,1.0
2,1743372364.496679,2025-03-30 23:06:04.496679,8.0815589427948,3,0.9971803988942642,1.319877358090254,3.7712361663282534,179.61625761606325,1.0
3,1743372372.578244,2025-03-30 23:06:12.578244,8.065400123596191,3,1.0,1.3225216980196917,4.988876515698588,599.7606930175475,1.0
4,1743372381.665781,2025-03-30 23:06:21.665781,15.413465023040771,1,1.0,2.0761068294614415,0.0,0.0,0.0
5,1743372398.114086,2025-03-30 23:06:38.114086,1.23769211769104,4,0.9971803988942642,6.463643005923229,4.0,565.4358385351958,3.0
6,1743372399.351884,2025-03-30 23:06:39.351884,0.3955352306365967,3,0.9971803988942642,26.96767782101011,1.8856180831641267,165.46298679765212,2.0
7,1743372399.921624,2025-03-30 23:06:39.921624,0.35419416427612305,4,1.0,22.58648167270015,4.242640687119285,564.5588986102335,3.0
8,1743372400.275901,2025-03-30 23:06:40.275901,7.118136882781982,4,1.168645033308507,1.1238895980423123,4.847679857416329,538.6354866697886,2.0
9,1743372407.395609,2025-03-30 23:06:47.395609,3.3988091945648193,4,1.0,2.353765552003667,4.527692569068709,601.2811322501313,3.0
10,1743372410.794462,2025-03-30 23:06:50.794462,4.791758060455322,3,1.0,2.2260444980924388,1.247219128924647,276.4842772302895,1.0
11,1743372415.586396,2025-03-30 23:06:55.586396,10.904866933822632,2,1.0,1.4672347766458533,5.0,311.0,1.0
12,1743372426.491293,2025-03-30 23:07:06.491293,3.4304349422454834,4,0.9971803988942642,2.3320657976866874,4.527692569068709,604.1680229869833,2.0
13,1743372429.921764,2025-03-30 23:07:09.921764,16.456698179244995,1,1.0,1.9444969854498544,0.0,0.0,0.0
14,1743372446.379754,2025-03-30 23:07:26.379754,16.3839910030365,1,1.0,1.953126072522216,0.0,0.0,0.0
15,1743372462.763806,2025-03-30 23:07:42.763806,10.297629833221436,2,1.0,1.5537555980485926,4.0,229.0,1.0
16,1743372473.06187,2025-03-30 23:07:53.061870,4.071431875228882,3,1.0,2.619880915007825,1.8856180831641267,338.4684459279607,2.0
17,1743372477.133456,2025-03-30 23:07:57.133456,4.258362054824829,3,1.0,2.5048754730897227,1.8856180831641267,338.4684459279607,2.0
18,1743372481.391853,2025-03-30 23:08:01.391853,10.2254319190979,2,1.0,1.5647260796990898,4.0,229.0,1.0
19,1743372491.617351,2025-03-30 23:08:11.617351,16.324756860733032,1,1.0,1.9602129620056774,0.0,0.0,0.0
20,1743372507.942146,2025-03-30 23:08:27.942146,15.637516975402832,2,1.0,1.0231803441152032,15.0,1482.0,1.0
21,1743372523.579715,2025-03-30 23:08:43.579715,4.972575902938843,3,1.0,2.1450988129437216,1.247219128924647,276.4842772302895,1.0
22,1743372528.552327,2025-03-30 23:08:48.552327,16.829540014266968,1,1.0,1.901418575485279,0.0,0.0,0.0
23,1743372545.381968,2025-03-30 23:09:05.381968,16.451049089431763,1,1.0,1.945164702022375,0.0,0.0,0.0
24,1743372561.833212,2025-03-30 23:09:21.833212,10.073976993560791,3,1.0,1.0588337330415503,7.408703590297623,772.1347032739818,2.0
25,1743372571.907369,2025-03-30 23:09:31.907369,1.1336841583251953,4,0.9971803988942642,7.05663913644034,3.9370039370059056,521.7726995541258,2.0
26,1743372573.041249,2025-03-30 23:09:33.041249,14.330952882766724,2,0.9971803988942642,1.1164644898972726,13.0,1322.0,0.0
27,1743372587.37225,2025-03-30 23:09:47.372250,16.30915594100952,1,1.0,1.962088051383193,0.0,0.0,0.0
28,1743372603.681457,2025-03-30 23:10:03.681457,10.241071939468384,2,1.0,1.5623364521380916,4.0,229.0,1.0
29,1743372613.922663,2025-03-30 23:10:13.922663,2.0197620391845703,4,1.0,3.960862638665001,4.06201920231798,574.8971103597582,3.0
30,1743372615.943822,2025-03-30 23:10:15.943822,12.313960075378418,2,1.0,1.2993383040108895,9.0,682.5,0.0
31,1743372628.257831,2025-03-30 23:10:28.257831,16.446992874145508,1,1.0,1.945644425389376,0.0,0.0,0.0
32,1743372644.704891,2025-03-30 23:10:44.704891,11.453020095825195,2,1.0,1.3970114315814612,7.0,475.0,1.0
33,1743372656.158054,2025-03-30 23:10:56.158054,9.16770076751709,3,1.0,1.1635051074595169,5.792715732327589,656.7881444321804,1.0
34,1743372665.325807,2025-03-30 23:11:05.325807,6.010950803756714,3,1.0,1.7745390063748703,1.247219128924647,173.2230418339957,2.0
35,1743372671.336941,2025-03-30 23:11:11.336941,8.312134027481079,3,1.0,1.2832645180408753,5.792715732327589,656.7881444321804,1.0
36,1743372679.649112,2025-03-30 23:11:19.649112,6.885522127151489,3,1.0,1.5491441999155147,2.6246692913372702,335.60691292045817,2.0
37,1743372686.534757,2025-03-30 23:11:26.534757,7.784868001937866,3,1.0,1.3701795154409095,4.189935029992178,324.589313166996,1.0
38,1743372694.319911,2025-03-30 23:11:34.319911,7.519174098968506,3,1.0,1.4185955167775592,4.189935029992179,504.100739491181,2.0
39,1743372701.840612,2025-03-30 23:11:41.840612,6.929087162017822,3,0.9971803988942642,1.5394043136210775,2.6246692913372702,170.48753620133056,1.0
40,1743372708.769764,2025-03-30 23:11:48.769764,8.258445024490356,3,1.0,1.2916071530457305,5.792715732327589,649.2854191767713,2.0
41,1743372717.028257,2025-03-30 23:11:57.028257,6.081108093261719,3,1.0,1.754066282506318,1.247219128924647,173.09984273694636,1.0
42,1743372723.112719,2025-03-30 23:12:03.112719,9.059316873550415,3,1.0,1.1774250548415048,5.792715732327589,649.2854191767713,2.0
43,1743372732.172151,2025-03-30 23:12:12.172151,5.402273893356323,3,1.0,1.9744772066785536,1.247219128924647,173.09984273694636,1.0
44,1743372737.574462,2025-03-30 23:12:17.574462,10.227890968322754,2,0.9971803988942642,1.5643498791250607,4.0,229.0,1.0
45,1743372747.80239,2025-03-30 23:12:27.802390,5.233601808547974,3,1.0,2.038112003332951,1.247219128924647,173.2230418339957,2.0
46,1743372753.036107,2025-03-30 23:12:33.036107,9.10970687866211,3,0.9971803988942642,1.170912171900005,5.792715732327589,656.7881444321804,1.0
47,1743372762.145852,2025-03-30 23:12:42.145852,6.147019863128662,3,1.0,1.7352582070944589,2.6246692913372702,335.60691292045817,2.0
48,1743372768.292921,2025-03-30 23:12:48.292921,7.1647279262542725,3,1.0,1.4887748392482523,3.39934634239519,275.2792521543654,1.0
49,1743372776.483121,2025-03-30 23:12:56.483121,6.933145046234131,3,1.0,1.5385033192779474,3.39934634239519,380.37291643274966,2.0
50,1743372783.416655,2025-03-30 23:13:03.416655,6.574447870254517,3,1.0,1.6224429605605388,3.39934634239519,275.2792521543654,1.0
51,1743372791.031106,2025-03-30 23:13:11.031106,7.533967971801758,3,0.9971803988942642,1.4158099299851046,4.988876515698588,558.7929451554982,2.0
52,1743372798.565094,2025-03-30 23:13:18.565094,5.737977027893066,3,0.9971803988942642,1.8589594581530366,1.8856180831641267,159.89649429830814,1.0
53,1743372805.306517,2025-03-30 23:13:25.306517,8.39833402633667,3,1.0,1.2700931676707121,6.599663291074443,708.1600572375335,2.0
54,1743372813.704873,2025-03-30 23:13:33.704873,5.085177898406982,3,1.0,2.0975995097454074,0.9428090415820634,219.6623671809888,1.0
55,1743372819.619869,2025-03-30 23:13:39.619869,9.26554799079895,3,1.0,1.1512181122216496,6.599663291074443,708.1600572375335,2.0
56,1743372828.88543,2025-03-30 23:13:48.885430,5.143350839614868,3,1.0,2.0738749891433383,0.9428090415820634,219.6623671809888,1.0
57,1743372834.347376,2025-03-30 23:13:54.347376,9.470233917236328,2,1.0,1.6895042023068882,4.0,229.0,1.0
58,1743372844.163049,2025-03-30 23:14:04.163049,5.326702117919922,3,0.9971803988942642,2.002489801481897,0.9428090415820634,221.61227402831278,2.0
59,1743372849.490152,2025-03-30 23:14:09.490152,8.646088123321533,3,1.0,1.2336985830499374,6.599663291074443,715.6169055825579,1.0
60,1743372859.174436,2025-03-30 23:14:19.174436,5.5645740032196045,3,1.0,1.9168882758132149,1.8856180831641267,141.34905572926746,2.0
61,1743372864.739014,2025-03-30 23:14:24.739014,8.062785148620605,3,1.0,1.3229506268676323,4.988876515698588,599.7606930175475,1.0
62,1743372873.830793,2025-03-30 23:14:33.830793,6.006292104721069,3,1.0,1.7759154034953524,1.8856180831641267,141.34905572926746,2.0
63,1743372879.837092,2025-03-30 23:14:39.837092,7.366631984710693,3,1.0,1.4479706178895775,4.988876515698588,599.7606930175475,1.0
64,1743372888.586846,2025-03-30 23:14:48.586846,6.481202840805054,3,1.0,1.6457850384669832,3.39934634239519,380.37291643274966,2.0
65,1743372895.068071,2025-03-30 23:14:55.068071,6.934385061264038,3,0.9971803988942642,1.5382282022744043,3.39934634239519,275.2792521543654,1.0
66,1743372903.094037,2025-03-30 23:15:03.094037,7.17662501335144,3,1.0,1.4863068150868033,3.39934634239519,380.37291643274966,2.0
67,1743372910.270746,2025-03-30 23:15:10.270746,6.2943949699401855,3,0.9971803988942642,1.6946293833810735,3.39934634239519,275.2792521543654,1.0
68,1743372917.581001,2025-03-30 23:15:17.581001,7.812334060668945,3,0.9971803988942642,1.365362333949313,4.988876515698588,558.7929451554982,2.0
69,1743372925.393353,2025-03-30 23:15:25.393353,5.526106119155884,3,0.9971803988942642,1.9302319638219334,1.8856180831641267,159.89649429830814,1.0
70,1743372931.93732,2025-03-30 23:15:31.937320,8.584053993225098,3,1.0,1.2426141162538418,6.599663291074443,708.1600572375335,2.0
71,1743372940.521387,2025-03-30 23:15:40.521387,5.128911018371582,3,0.9971803988942642,2.0797137303530975,0.9428090415820634,219.6623671809888,1.0
72,1743372945.650327,2025-03-30 23:15:45.650327,9.839488983154297,3,1.0,1.0840671385402778,7.408703590297622,775.8373254462275,1.0
73,1743372955.489851,2025-03-30 23:15:55.489851,5.378915071487427,3,1.0,1.983051698140499,1.247219128924647,173.2230418339957,2.0
74,1743372960.869885,2025-03-30 23:16:00.869885,9.020045042037964,3,0.9971803988942642,1.1825513749603926,5.792715732327589,656.7881444321804,1.0
75,1743372969.890021,2025-03-30 23:16:09.890021,6.216617822647095,3,1.0,1.7158311755643199,2.6246692913372702,335.60691292045817,2.0
76,1743372976.106684,2025-03-30 23:16:16.106684,8.123592138290405,3,1.0,1.3130480315954718,4.189935029992178,324.589313166996,1.0
77,1743372984.230312,2025-03-30 23:16:24.230312,7.121881008148193,3,1.0,1.497731660282285,2.6246692913372702,335.60691292045817,2.0
78,1743372991.352279,2025-03-30 23:16:31.352279,7.657617092132568,3,1.0,1.3929485554488739,4.189935029992178,324.589313166996,1.0
79,1743372999.009933,2025-03-30 23:16:39.009933,7.630000114440918,3,0.9971803988942642,1.3979903678478856,4.189935029992179,504.100739491181,2.0
80,1743373006.643568,2025-03-30 23:16:46.643568,6.89977502822876,3,1.0,1.5459441247035712,2.6246692913372702,170.48753620133056,1.0
81,1743373013.543413,2025-03-30 23:16:53.543413,8.364952087402344,3,1.0,1.2751617170325116,5.792715732327589,649.2854191767713,2.0
82,1743373021.909631,2025-03-30 23:17:01.909631,5.966897964477539,3,1.0,1.787640199341106,1.247219128924647,173.09984273694636,1.0
83,1743373027.876673,2025-03-30 23:17:07.876673,9.264673948287964,3,1.0,1.151326719774934,7.408703590297623,772.1347032739818,2.0
84,1743373037.141386,2025-03-30 23:17:17.141386,5.068321943283081,3,1.0,2.104575594453492,0.4714045207910317,213.09987225607517,1.0
85,1743373042.209733,2025-03-30 23:17:22.209733,10.304015874862671,3,1.0,1.0351950924967717,7.408703590297622,775.8373254462275,1.0
86,1743373052.513809,2025-03-30 23:17:32.513809,5.288445949554443,3,1.0,2.016975642450377,1.247219128924647,173.2230418339957,2.0
87,1743373057.802366,2025-03-30 23:17:37.802366,9.756323099136353,3,1.0,1.0933080586077455,5.792715732327589,656.7881444321804,1.0
88,1743373067.558824,2025-03-30 23:17:47.558824,5.696306943893433,3,1.0,1.872558268318313,1.247219128924647,173.2230418339957,2.0
89,1743373073.255172,2025-03-30 23:17:53.255172,8.699506044387817,3,1.0,1.2261232548424854,5.792715732327589,656.7881444321804,1.0
90,1743373081.954714,2025-03-30 23:18:01.954714,6.442584037780762,3,0.9971803988942642,1.6556503732221317,2.6246692913372702,335.60691292045817,2.0
91,1743373088.397443,2025-03-30 23:18:08.397443,7.892568826675415,3,1.0,1.3514822487977953,4.189935029992178,324.589313166996,1.0
92,1743373096.290187,2025-03-30 23:18:16.290187,7.3881402015686035,3,0.9971803988942642,1.443755312656626,4.784233364802441,552.0521311937448,2.0
93,1743373103.678365,2025-03-30 23:18:23.678365,5.986659049987793,3,0.9971803988942642,1.781739460624272,1.8856180831641267,159.89649429830814,1.0
94,1743373110.689476,2025-03-30 23:18:30.689476,8.197607040405273,3,0.9971803988942642,1.3011927278401634,4.988876515698588,558.7929451554982,2.0
95,1743373118.887098,2025-03-30 23:18:38.887098,5.281584024429321,3,0.9971803988942642,2.019596132018217,1.8856180831641267,159.89649429830814,1.0
96,1743373125.031857,2025-03-30 23:18:45.031857,9.2102689743042,2,1.0,1.7371913941534742,4.0,229.0,1.0
97,1743373134.245173,2025-03-30 23:18:54.245173,5.176131010055542,3,0.9971803988942642,2.0607412459122068,0.9428090415820634,221.61227402831278,2.0
98,1743373139.422259,2025-03-30 23:18:59.422259,9.2239248752594,3,1.0,1.1564130032408457,6.599663291074443,715.6169055825579,1.0
99,1743373149.671924,2025-03-30 23:19:09.671924,5.157044887542725,3,1.0,2.068368009057454,1.8856180831641267,141.34905572926746,2.0
100,1743373154.828976,2025-03-30 23:19:14.828976,8.212594985961914,3,0.9971803988942642,1.2988180574957837,4.988876515698588,599.7606930175475,1.0
101,1743373164.071913,2025-03-30 23:19:24.071913,6.025186061859131,3,1.0,1.770346435305827,1.8856180831641267,141.34905572926746,2.0
102,1743373170.097103,2025-03-30 23:19:30.097103,7.351289987564087,3,1.0,1.450992503997405,4.988876515698588,599.7606930175475,1.0
103,1743373178.47582,2025-03-30 23:19:38.475820,6.850142002105713,3,1.0,1.5571453355839582,3.39934634239519,380.37291643274966,2.0
104,1743373185.326057,2025-03-30 23:19:45.326057,6.45750093460083,3,1.0,1.6518258029994426,3.39934634239519,275.2792521543654,1.0
105,1743373192.800962,2025-03-30 23:19:52.800962,8.089328050613403,3,0.9971803988942642,1.318609728759588,4.988876515698588,558.7929451554982,1.0
106,1743373200.890321,2025-03-30 23:20:00.890321,5.222388982772827,3,0.9971803988942642,2.0424879689837274,1.8856180831641267,159.89649429830814,1.0
107,1743373207.145229,2025-03-30 23:20:07.145229,9.154600858688354,3,1.0,1.165170041962371,6.599663291074443,708.1600572375335,2.0
108,1743373216.299847,2025-03-30 23:20:16.299847,5.158312082290649,3,0.9971803988942642,2.0678598922479163,0.4714045207910317,211.29021642176326,1.0
109,1743373221.458188,2025-03-30 23:20:21.458188,9.620237827301025,3,1.0,1.108773697506314,7.408703590297622,775.8373254462275,1.0
110,1743373231.078464,2025-03-30 23:20:31.078464,5.723397970199585,3,1.0,1.8636947355758837,1.247219128924647,173.2230418339957,2.0
111,1743373236.801889,2025-03-30 23:20:36.801889,8.941120147705078,3,1.0,1.1929899711060796,5.792715732327589,656.7881444321804,1.0
112,1743373245.743063,2025-03-30 23:20:45.743063,6.35725998878479,3,1.0,1.6778717065975517,2.6246692913372702,335.60691292045817,2.0
113,1743373252.100356,2025-03-30 23:20:52.100356,8.16261601448059,3,0.9971803988942642,1.3067706048825347,4.189935029992178,324.589313166996,1.0
114,1743373260.263013,2025-03-30 23:21:00.263013,7.137716054916382,3,1.0,1.494408937620821,2.6246692913372702,335.60691292045817,2.0
115,1743373267.400784,2025-03-30 23:21:07.400784,7.173168897628784,3,1.0,1.487022934897395,4.189935029992178,324.589313166996,1.0
116,1743373274.573988,2025-03-30 23:21:14.573988,8.17435598373413,3,1.0,1.3048938274638269,4.189935029992179,504.100739491181,2.0
117,1743373282.750277,2025-03-30 23:21:22.750277,6.548553943634033,3,1.0,1.628858333989281,2.6246692913372702,170.48753620133056,1.0
118,1743373289.298867,2025-03-30 23:21:29.298867,8.554099082946777,3,1.0,1.2469655264961153,5.792715732327589,649.2854191767713,2.0
119,1743373297.853017,2025-03-30 23:21:37.853017,5.795892953872681,3,1.0,1.840383656419922,1.247219128924647,173.09984273694636,1.0
120,1743373303.648982,2025-03-30 23:21:43.648982,9.307878017425537,3,1.0,1.1459826446690968,5.792715732327589,649.2854191767713,2.0
121,1743373312.957038,2025-03-30 23:21:52.957038,5.1567981243133545,3,1.0,2.068466984653771,1.247219128924647,173.09984273694636,1.0
122,1743373318.113876,2025-03-30 23:21:58.113876,9.982227802276611,3,0.9971803988942642,1.0685657428328732,7.408703590297623,772.1347032739818,2.0
123,1743373328.096159,2025-03-30 23:22:08.096159,5.077019929885864,3,1.0,2.1009700205975874,0.4714045207910317,213.09987225607517,1.0
124,1743373333.173213,2025-03-30 23:22:13.173213,8.650789976119995,3,1.0,1.233028046699941,6.599663291074443,715.6169055825579,1.0
125,1743373342.881899,2025-03-30 23:22:22.881899,5.484471797943115,3,1.0,1.9448849514855873,1.8856180831641267,141.34905572926746,2.0
126,1743373348.36663,2025-03-30 23:22:28.366630,7.830216884613037,3,0.9971803988942642,1.3622440890018597,4.189935029992178,545.1001946635336,1.0
127,1743373356.196958,2025-03-30 23:22:36.196958,7.272243022918701,3,1.0,1.466764330214259,4.189935029992179,504.100739491181,2.0
128,1743373363.470676,2025-03-30 23:22:43.470676,8.315331935882568,3,1.0,1.2827710004741422,3.858612300930075,197.46898490649107,1.0
129,1743373371.786039,2025-03-30 23:22:51.786039,4.114471912384033,4,1.0,1.9443564497113286,3.24037034920393,505.7281878637971,2.0
130,1743373375.90055,2025-03-30 23:22:55.900550,4.09128212928772,4,1.0,1.9553772502589002,3.24037034920393,505.7281878637971,2.0
131,1743373379.99189,2025-03-30 23:22:59.991890,4.111302137374878,4,1.0,1.9458555301187639,3.24037034920393,505.7281878637971,2.0
132,1743373384.103244,2025-03-30 23:23:04.103244,4.144274950027466,4,1.0,1.9303738522336653,3.24037034920393,505.7281878637971,2.0
133,1743373388.247523,2025-03-30 23:23:08.247523,4.137432813644409,4,1.0,1.9335661412114376,3.24037034920393,505.7281878637971,2.0
134,1743373392.385047,2025-03-30 23:23:12.385047,4.106655120849609,4,1.0,1.9480574249792157,3.5355339059327378,514.2693846613854,2.0
135,1743373396.491709,2025-03-30 23:23:16.491709,4.133548974990845,4,1.0,1.93538289939282,2.8284271247461903,470.57517996596465,2.0
136,1743373400.625262,2025-03-30 23:23:20.625262,4.13005805015564,4,1.0,1.9370187786340007,2.8284271247461903,470.57517996596465,2.0
137,1743373404.755511,2025-03-30 23:23:24.755511,4.058416843414307,4,1.0,1.9712120042527908,2.8284271247461903,470.57517996596465,2.0
138,1743373408.813932,2025-03-30 23:23:28.813932,4.073997974395752,4,1.0,1.9636730431086054,2.8284271247461903,470.57517996596465,2.0
139,1743373412.887936,2025-03-30 23:23:32.887936,4.091344833374023,4,1.0,1.9553472820824571,2.8284271247461903,470.57517996596465,2.0
140,1743373416.979285,2025-03-30 23:23:36.979285,4.088907957077026,4,1.0,1.9565126150990289,2.449489742783178,461.2255413569374,2.0
141,1743373421.069092,2025-03-30 23:23:41.069092,4.154103994369507,4,0.9971803988942642,1.9258063858880856,3.7416573867739413,542.6204935311604,2.0
142,1743373425.223326,2025-03-30 23:23:45.223326,4.075344085693359,4,1.0,1.963024429786011,3.7416573867739413,542.6204935311604,2.0
143,1743373429.298767,2025-03-30 23:23:49.298767,4.0761590003967285,4,1.0,1.9626319776096486,3.7416573867739413,542.6204935311604,2.0
144,1743373433.37596,2025-03-30 23:23:53.375960,4.12680983543396,4,1.0,1.938543407382073,3.7416573867739413,542.6204935311604,2.0
145,1743373437.504295,2025-03-30 23:23:57.504295,4.079723834991455,4,1.0,1.9609170433019656,3.7416573867739413,542.6204935311604,2.0
146,1743373441.586952,2025-03-30 23:24:01.586952,4.082888126373291,4,0.9971803988942642,1.9593973070984347,3.7416573867739413,542.6204935311604,2.0
147,1743373445.669932,2025-03-30 23:24:05.669932,4.084822177886963,4,0.9971803988942642,1.9584695860955001,3.24037034920393,505.7281878637971,2.0
148,1743373449.75498,2025-03-30 23:24:09.754980,4.059193849563599,4,1.0,1.9708346771514926,3.24037034920393,505.7281878637971,2.0
149,1743373453.814177,2025-03-30 23:24:13.814177,4.049145936965942,4,1.0,1.9757252824516531,3.24037034920393,505.7281878637971,2.0
150,1743373457.863657,2025-03-30 23:24:17.863657,4.0495030879974365,4,1.0,1.975551030868868,2.8284271247461903,470.57517996596465,2.0
151,1743373461.913164,2025-03-30 23:24:21.913164,4.118707180023193,4,1.0,1.9423570674803228,2.8284271247461903,470.57517996596465,2.0
152,1743373466.032258,2025-03-30 23:24:26.032258,4.086658000946045,4,1.0,1.9575897954142558,2.8284271247461903,470.57517996596465,2.0
153,1743373470.118922,2025-03-30 23:24:30.118922,4.092381954193115,4,1.0,1.9548517439343807,2.8284271247461903,470.57517996596465,2.0
154,1743373474.211308,2025-03-30 23:24:34.211308,4.0668230056762695,4,1.0,1.9671374900835363,2.8284271247461903,470.57517996596465,2.0
155,1743373478.278135,2025-03-30 23:24:38.278135,4.087329864501953,4,1.0,1.9572680124203314,2.8284271247461903,470.57517996596465,2.0
156,1743373482.365469,2025-03-30 23:24:42.365469,4.087270975112915,4,0.9971803988942642,1.9572962127325046,2.5495097567963922,424.1391281171781,2.0
157,1743373486.452783,2025-03-30 23:24:46.452783,4.059684991836548,4,1.0,1.9705962448039362,2.5495097567963922,322.4298373289916,2.0
158,1743373490.512506,2025-03-30 23:24:50.512506,4.174233913421631,4,0.9971803988942642,1.9165193340692253,2.5495097567963922,322.4298373289916,2.0
159,1743373494.686815,2025-03-30 23:24:54.686815,7.310267925262451,4,1.0,1.0943511348406272,5.244044240850758,564.0343517907398,2.0
160,1743373501.997124,2025-03-30 23:25:01.997124,6.046163082122803,3,1.0,1.7642042600878056,1.247219128924647,102.88288919392228,1.0
161,1743373508.043335,2025-03-30 23:25:08.043335,9.353721141815186,3,1.0,1.1403661179273399,5.792715732327589,656.7881444321804,1.0
162,1743373517.397752,2025-03-30 23:25:17.397752,9.051321983337402,3,1.0,1.1784650558562557,5.792715732327589,649.2854191767713,2.0
163,1743373526.449795,2025-03-30 23:25:26.449795,6.0677900314331055,3,1.0,1.7579162448617867,1.247219128924647,106.48317550987417,1.0
164,1743373532.51772,2025-03-30 23:25:32.517720,9.469098091125488,3,1.0,1.1264712398178183,7.408703590297622,775.8373254462275,1.0
165,1743373541.986974,2025-03-30 23:25:41.986974,8.770664930343628,3,1.0,1.2161753699840354,5.792715732327589,649.2854191767713,2.0
166,1743373550.757791,2025-03-30 23:25:50.757791,6.080941915512085,3,1.0,1.7541142169861381,1.247219128924647,106.48317550987417,1.0
167,1743373556.838773,2025-03-30 23:25:56.838773,10.114425897598267,3,1.0,1.0545993192949819,7.408703590297622,775.8373254462275,1.0
168,1743373566.957303,2025-03-30 23:26:06.957303,8.28169584274292,3,1.0,1.287980972642656,5.792715732327589,649.2854191767713,2.0
169,1743373575.239778,2025-03-30 23:26:15.239778,6.046478033065796,3,1.0,1.7641123656341573,1.247219128924647,173.09984273694636,1.0
170,1743373581.286293,2025-03-30 23:26:21.286293,10.380460977554321,2,1.0,1.541357366941296,4.0,229.0,1.0
171,1743373591.666854,2025-03-30 23:26:31.666854,7.7654571533203125,3,1.0,1.3736044711940585,4.189935029992179,504.100739491181,2.0
172,1743373599.434954,2025-03-30 23:26:39.434954,6.032963037490845,3,1.0,1.768064316055053,1.8856180831641267,159.89649429830814,1.0
173,1743373605.987852,2025-03-30 23:26:45.987852,9.27874493598938,2,1.0,1.7243711418277003,4.0,229.0,1.0
174,1743373616.289781,2025-03-30 23:26:56.289781,7.318192005157471,3,0.9971803988942642,1.4575549068881182,4.988876515698588,558.7929451554982,2.0
175,1743373623.608016,2025-03-30 23:27:03.608016,6.06964898109436,3,0.9971803988942642,1.7573778483551552,1.8856180831641267,159.89649429830814,1.0
176,1743373630.624704,2025-03-30 23:27:10.624704,9.215977191925049,2,1.0,1.7361154077094558,4.0,229.0,1.0
177,1743373640.864804,2025-03-30 23:27:20.864804,9.217458963394165,2,1.0,1.7358363149260265,4.0,229.0,1.0
178,1743373651.106821,2025-03-30 23:27:31.106821,6.684185981750488,3,1.0,1.5958063847698662,3.39934634239519,380.37291643274966,2.0
179,1743373657.791021,2025-03-30 23:27:37.791021,2.06072998046875,4,0.9971803988942642,3.882119479904037,3.1622776601683795,439.5929935747384,2.0
180,1743373659.851775,2025-03-30 23:27:39.851775,2.5171871185302734,4,0.9971803988942642,3.1781506988924257,4.242640687119285,593.3236890601959,2.0
181,1743373663.062235,2025-03-30 23:27:43.062235,2.172689914703369,4,0.9971803988942642,3.682071677997463,4.0,565.4358385351958,3.0
182,1743373665.234943,2025-03-30 23:27:45.234943,2.0531740188598633,4,0.9971803988942642,3.896406211316874,2.8284271247461903,412.641112227078,2.0
183,1743373667.28812,2025-03-30 23:27:47.288120,2.11470103263855,4,1.0,3.7830406646268377,4.0,588.7418789248817,1.0
184,1743373669.536661,2025-03-30 23:27:49.536661,3.06451416015625,4,0.9971803988942642,2.610527992989305,4.847679857416329,629.2638556281458,3.0
185,1743373672.601213,2025-03-30 23:27:52.601213,2.0884859561920166,4,1.0,3.8305261169132203,3.6742346141747673,548.8105319689118,2.0
186,1743373674.689837,2025-03-30 23:27:54.689837,2.1351349353790283,4,0.9971803988942642,3.7468357935794083,2.9154759474226504,444.1224493312627,2.0
187,1743373676.825029,2025-03-30 23:27:56.825029,2.0614190101623535,4,1.0,3.8808218807344437,3.5355339059327378,460.56269931465357,2.0
188,1743373678.88648,2025-03-30 23:27:58.886480,3.127918004989624,5,1.0,2.046089440257316,4.923413450036469,645.2936075926988,3.0
189,1743373682.014454,2025-03-30 23:28:02.014454,2.0659332275390625,4,1.0,3.8723419970013224,3.5355339059327378,530.9686313710067,2.0
190,1743373684.088099,2025-03-30 23:28:04.088099,2.0498619079589844,4,1.0,3.902701918084558,2.9154759474226504,418.7143268387171,2.0
191,1743373686.137996,2025-03-30 23:28:06.137996,2.8550240993499756,4,1.0,2.8020779235528765,4.06201920231798,588.1317879523262,2.0
192,1743373688.99321,2025-03-30 23:28:08.993210,2.3831260204315186,4,1.0,3.3569353577665275,4.06201920231798,583.2212273228745,3.0
193,1743373691.376494,2025-03-30 23:28:11.376494,2.164823055267334,4,0.9971803988942642,3.695452143552712,2.9154759474226504,444.1224493312627,2.0
194,1743373693.541377,2025-03-30 23:28:13.541377,2.052271842956543,4,1.0,3.8981190661735354,3.5355339059327378,460.56269931465357,2.0
195,1743373695.593679,2025-03-30 23:28:15.593679,3.2045581340789795,5,1.0,1.997155218355688,4.923413450036469,645.2936075926988,3.0
196,1743373698.798316,2025-03-30 23:28:18.798316,2.083034038543701,4,1.0,3.8405517394199618,3.5355339059327378,530.9686313710067,2.0
197,1743373700.885553,2025-03-30 23:28:20.885553,2.1353461742401123,4,1.0,3.7464651383033445,2.9154759474226504,418.7143268387171,2.0
198,1743373703.020933,2025-03-30 23:28:23.020933,2.3343470096588135,4,1.0,3.42708259179053,4.06201920231798,588.1317879523262,2.0
199,1743373705.35536,2025-03-30 23:28:25.355360,2.856273889541626,4,1.0,2.800851847328912,4.636809247747852,620.3458712686013,3.0
200,1743373708.2117,2025-03-30 23:28:28.211700,2.0583510398864746,4,1.0,3.886606242072892,3.1622776601683795,467.6481048822929,2.0
201,1743373710.270128,2025-03-30 23:28:30.270128,2.3240809440612793,4,1.0,3.4422209004563236,3.1622776601683795,439.5929935747384,2.0
202,1743373712.594683,2025-03-30 23:28:32.594683,2.1165080070495605,4,1.0,3.7798108834712623,4.242640687119285,593.3236890601959,2.0
203,1743373715.683744,2025-03-30 23:28:35.683744,2.146182060241699,4,1.0,3.7275495626401125,4.242640687119285,587.9532294324099,3.0
204,1743373717.829941,2025-03-30 23:28:37.829941,2.134113073348999,4,1.0,3.748629864042697,3.1622776601683795,467.6481048822929,2.0
205,1743373719.964149,2025-03-30 23:28:39.964149,2.1897470951080322,4,1.0,3.6533899361585025,3.1622776601683795,439.5929935747384,2.0
206,1743373722.154832,2025-03-30 23:28:42.154832,3.0651211738586426,4,0.9971803988942642,2.6100110064911073,4.242640687119285,593.3236890601959,2.0
207,1743373725.28922,2025-03-30 23:28:45.289220,2.0587658882141113,4,0.9971803988942642,3.88582307769809,4.0,565.4358385351958,3.0
208,1743373727.348131,2025-03-30 23:28:47.348131,2.135077953338623,4,0.9971803988942642,3.746935791028329,2.8284271247461903,412.641112227078,2.0
209,1743373729.483267,2025-03-30 23:28:49.483267,2.0667479038238525,4,0.9971803988942642,3.8708155867479395,4.0,588.7418789248817,2.0
210,1743373732.392046,2025-03-30 23:28:52.392046,3.0649149417877197,3,1.0,3.4802488386333352,1.8856180831641267,338.4684459279607,2.0
211,1743373736.485791,2025-03-30 23:28:56.485791,4.8513970375061035,3,1.0,2.198679387442992,0.9428090415820634,221.61227402831278,1.0
212,1743373741.337235,2025-03-30 23:29:01.337235,4.25045108795166,4,1.0,1.8821531725601597,3.7416573867739413,542.6204935311604,2.0
213,1743373745.588135,2025-03-30 23:29:05.588135,4.094389915466309,4,1.0,1.9538930500440341,3.7416573867739413,542.6204935311604,2.0
214,1743373749.682889,2025-03-30 23:29:09.682889,4.188385009765625,4,1.0,1.9100440817516118,3.7416573867739413,542.6204935311604,2.0
215,1743373753.871708,2025-03-30 23:29:13.871708,4.156620025634766,4,1.0,1.9246406817708348,3.7416573867739413,542.6204935311604,2.0
216,1743373758.029034,2025-03-30 23:29:18.029034,4.258602142333984,4,1.0,1.8785506916632255,3.7416573867739413,542.6204935311604,2.0
217,1743373762.28819,2025-03-30 23:29:22.288190,4.163676023483276,4,1.0,1.9213790782183158,3.7416573867739413,514.0515538348269,2.0
218,1743373766.451891,2025-03-30 23:29:26.451891,4.467139005661011,4,1.0,1.7908553975736927,2.8284271247461903,470.57517996596465,2.0
219,1743373770.919035,2025-03-30 23:29:30.919035,4.159485101699829,4,1.0,1.9233149787531858,2.8284271247461903,470.57517996596465,2.0
220,1743373775.078524,2025-03-30 23:29:35.078524,4.230774879455566,4,1.0,1.890906566276453,2.8284271247461903,470.57517996596465,2.0
221,1743373779.309304,2025-03-30 23:29:39.309304,4.121541976928711,4,0.9971803988942642,1.9410211141320066,2.8284271247461903,440.92402973755014,2.0
222,1743373783.430888,2025-03-30 23:29:43.430888,4.153215169906616,4,0.9971803988942642,1.9262185253406645,2.8284271247461903,320.4465634080041,2.0
223,1743373787.584108,2025-03-30 23:29:47.584108,4.2110679149627686,4,1.0,1.8997556348056976,2.8284271247461903,470.57517996596465,2.0
224,1743373791.795179,2025-03-30 23:29:51.795179,4.150735139846802,4,1.0,1.9273694250448534,2.8284271247461903,470.57517996596465,2.0
225,1743373795.946094,2025-03-30 23:29:55.946094,4.085732936859131,4,1.0,1.9580330196887332,2.8284271247461903,470.57517996596465,2.0
226,1743373800.031834,2025-03-30 23:30:00.031834,4.071904182434082,4,1.0,1.964682772868639,2.8284271247461903,470.57517996596465,2.0
227,1743373804.103743,2025-03-30 23:30:04.103743,4.122464895248413,4,1.0,1.940586567327927,2.8284271247461903,470.57517996596465,2.0
228,1743373808.226212,2025-03-30 23:30:08.226212,4.2657248973846436,4,1.0,1.8754139548250934,2.8284271247461903,470.57517996596465,2.0
229,1743373812.491943,2025-03-30 23:30:12.491943,4.080928087234497,4,1.0,1.9603383909225711,2.8284271247461903,470.57517996596465,2.0
230,1743373816.572875,2025-03-30 23:30:16.572875,4.2878758907318115,4,1.0,1.8657256422211046,3.1622776601683795,455.5985074602418,2.0
231,1743373820.86085,2025-03-30 23:30:20.860850,4.149586915969849,4,1.0,1.9279027435747123,2.449489742783178,330.5162628373981,2.0
232,1743373825.011261,2025-03-30 23:30:25.011261,4.122067928314209,4,1.0,1.9407734513661299,2.449489742783178,330.5162628373981,2.0
233,1743373829.133441,2025-03-30 23:30:29.133441,4.0983381271362305,4,1.0,1.9520107301615224,2.449489742783178,330.5162628373981,1.0
234,1743373833.231857,2025-03-30 23:30:33.231857,4.124388933181763,4,1.0,1.939681278755734,2.449489742783178,330.5162628373981,2.0
235,1743373837.371695,2025-03-30 23:30:37.371695,4.148799896240234,4,1.0,1.9282684631885567,2.449489742783178,349.16758154215864,2.0
236,1743373841.520499,2025-03-30 23:30:41.520499,4.192611932754517,4,1.0,1.9081184064521937,3.1622776601683795,455.5985074602418,2.0
237,1743373845.713168,2025-03-30 23:30:45.713168,4.135475158691406,4,1.0,1.9344814544917857,2.449489742783178,330.5162628373981,2.0
238,1743373849.848757,2025-03-30 23:30:49.848757,4.082447052001953,4,1.0,1.9596090036432816,2.449489742783178,330.5162628373981,1.0
239,1743373853.931304,2025-03-30 23:30:53.931304,4.0660810470581055,4,0.9971803988942642,1.9674964437288254,2.5495097567963922,390.4410166721729,2.0
240,1743373858.0212,2025-03-30 23:30:58.021200,4.2059619426727295,4,1.0,1.9020619085574282,2.345207879911715,358.09522127501225,2.0
241,1743373862.227363,2025-03-30 23:31:02.227363,4.054448843002319,4,1.0,1.973141186331013,2.5495097567963922,322.4298373289916,2.0
242,1743373866.281927,2025-03-30 23:31:06.281927,4.079831838607788,4,1.0,1.9608651327967332,2.5495097567963922,322.4298373289916,2.0
243,1743373870.361801,2025-03-30 23:31:10.361801,4.183963060379028,4,1.0,1.912062770285375,2.5495097567963922,322.4298373289916,2.0
244,1743373874.545823,2025-03-30 23:31:14.545823,4.116912841796875,4,0.9971803988942642,1.9432036352045543,2.5495097567963922,322.4298373289916,2.0
245,1743373878.662821,2025-03-30 23:31:18.662821,4.137632846832275,4,1.0,1.9334726632704275,2.5495097567963922,322.4298373289916,2.0
246,1743373882.800777,2025-03-30 23:31:22.800777,4.345323085784912,4,1.0,1.841059880258577,3.082207001484488,390.55881439291574,2.0
247,1743373887.15908,2025-03-30 23:31:27.159080,4.198292970657349,4,1.0,1.905536382504387,2.5495097567963922,398.2894675986298,2.0
248,1743373891.359412,2025-03-30 23:31:31.359412,4.064717054367065,4,1.0,1.9681566743753864,2.5495097567963922,398.2894675986298,2.0
249,1743373895.426285,2025-03-30 23:31:35.426285,4.126970052719116,4,1.0,1.9384681492246545,2.5495097567963922,398.2894675986298,2.0
250,1743373899.555187,2025-03-30 23:31:39.555187,4.093954086303711,4,0.9971803988942642,1.9541010552033138,3.24037034920393,443.41571916205226,2.0
251,1743373903.649155,2025-03-30 23:31:43.649155,4.12716817855835,4,1.0,1.9383750925300214,2.8284271247461903,427.6172353869755,2.0
252,1743373907.77641,2025-03-30 23:31:47.776410,4.2438459396362305,4,1.0,1.8850825675085028,2.8284271247461903,427.6172353869755,2.0
253,1743373912.02027,2025-03-30 23:31:52.020270,4.2746899127960205,4,1.0,1.8714807771325106,2.8284271247461903,427.6172353869755,2.0
254,1743373916.294972,2025-03-30 23:31:56.294972,4.092257976531982,4,0.9971803988942642,1.954910967460479,2.8284271247461903,427.6172353869755,2.0
255,1743373920.387256,2025-03-30 23:32:00.387256,4.095997095108032,4,1.0,1.9531263851614131,2.8284271247461903,427.6172353869755,2.0
256,1743373924.483275,2025-03-30 23:32:04.483275,4.099390029907227,4,1.0,1.9515098445465675,2.8284271247461903,427.6172353869755,2.0
257,1743373928.58268,2025-03-30 23:32:08.582680,4.062272071838379,4,1.0,1.9693412598973472,2.8284271247461903,427.6172353869755,2.0
258,1743373932.644965,2025-03-30 23:32:12.644965,4.097064971923828,4,1.0,1.9526173138141618,2.8284271247461903,427.6172353869755,2.0
259,1743373936.742045,2025-03-30 23:32:16.742045,4.099503993988037,4,1.0,1.9514555935869506,2.8284271247461903,427.6172353869755,2.0
260,1743373940.84167,2025-03-30 23:32:20.841670,4.098247051239014,4,1.0,1.9520541099593736,2.8284271247461903,427.6172353869755,2.0
261,1743373944.939954,2025-03-30 23:32:24.939954,4.134799957275391,4,1.0,1.934797349971815,2.8284271247461903,427.6172353869755,2.0
262,1743373949.07477,2025-03-30 23:32:29.074770,4.130795001983643,4,0.9886994082884974,1.9366732060434693,2.8284271247461903,427.6172353869755,2.0
263,1743373953.205587,2025-03-30 23:32:33.205587,4.085569143295288,4,1.0,1.9581115187166942,2.8284271247461903,427.6172353869755,2.0
264,1743373957.291249,2025-03-30 23:32:37.291249,4.3222129344940186,4,1.0,1.8509037202112124,2.8284271247461903,427.6172353869755,2.0
265,1743373961.613753,2025-03-30 23:32:41.613753,4.566810846328735,4,1.0,1.7517695103205797,2.8284271247461903,427.6172353869755,2.0
266,1743373966.180575,2025-03-30 23:32:46.180575,4.209339141845703,4,0.9971803988942642,1.9005358633308351,3.7416573867739413,497.2722468628226,2.0
267,1743373970.389926,2025-03-30 23:32:50.389926,4.140805959701538,4,1.0,1.9319910369759576,3.7416573867739413,533.5363155400015,2.0
268,1743373974.530798,2025-03-30 23:32:54.530798,4.125946044921875,4,0.9971803988942642,1.9389492525832293,3.1622776601683795,489.3257478408427,2.0
269,1743373978.656755,2025-03-30 23:32:58.656755,4.072344064712524,4,1.0,1.9644705537828218,2.8284271247461903,427.6172353869755,2.0
270,1743373982.729122,2025-03-30 23:33:02.729122,4.094947099685669,4,1.0,1.9536271910848582,2.8284271247461903,427.6172353869755,1.0
271,1743373986.824101,2025-03-30 23:33:06.824101,4.151793003082275,4,1.0,1.926878337638902,2.8284271247461903,427.6172353869755,2.0
272,1743373990.975908,2025-03-30 23:33:10.975908,4.172220945358276,4,1.0,1.9174439956014901,2.8284271247461903,427.6172353869755,2.0
273,1743373995.148153,2025-03-30 23:33:15.148153,4.2838099002838135,4,0.9971803988942642,1.8674965010632192,3.7416573867739413,497.2722468628226,2.0
274,1743373999.431975,2025-03-30 23:33:19.431975,4.07223916053772,4,1.0,1.964521160133345,3.7416573867739413,533.5363155400015,2.0
275,1743374003.504228,2025-03-30 23:33:23.504228,4.110628843307495,4,1.0,1.9461742485033113,3.7416573867739413,533.5363155400015,2.0
276,1743374007.615133,2025-03-30 23:33:27.615133,4.189594030380249,4,0.9886994082884974,1.9094928868976637,3.7416573867739413,533.5363155400015,2.0
277,1743374011.804759,2025-03-30 23:33:31.804759,4.093206882476807,4,1.0,1.9544577710568067,3.7416573867739413,533.5363155400015,2.0
278,1743374015.898039,2025-03-30 23:33:35.898039,4.068995952606201,4,1.0,1.9660869888248431,3.7416573867739413,533.5363155400015,2.0
279,1743374019.967048,2025-03-30 23:33:39.967048,4.1813249588012695,4,1.0,1.9132691380900215,3.7416573867739413,533.5363155400015,2.0
280,1743374024.148386,2025-03-30 23:33:44.148386,4.1647679805755615,4,1.0,1.92087531341768,3.7416573867739413,533.5363155400015,2.0
281,1743374028.313172,2025-03-30 23:33:48.313172,1.6660327911376953,19,3.4873008763572906,1.0109107907568142,2.0013845622980573,278.4363939659551,17.0
282,1743374029.979668,2025-03-30 23:33:49.979668,2.3567612171173096,9,1.9618974703476992,1.5086617726612799,3.593547028621384,440.987780128001,7.0
283,1743374032.336814,2025-03-30 23:33:52.336814,1.208022117614746,12,2.554536144108406,2.207465101658926,2.8382310609877335,367.66934873606203,7.0
284,1743374033.552154,2025-03-30 23:33:53.552154,0.9799950122833252,15,2.75,2.1768818275542077,0.618241233033047,56.24170062230417,1.0
285,1743374034.533284,2025-03-30 23:33:54.533284,4.115518093109131,4,1.0,1.943862186730487,3.24037034920393,497.0321921163658,2.0
286,1743374038.648851,2025-03-30 23:33:58.648851,4.063698053359985,4,1.0,1.9686502035714402,3.24037034920393,497.0321921163658,2.0
287,1743374042.712758,2025-03-30 23:34:02.712758,4.177037954330444,4,1.0,1.9152327767829334,3.24037034920393,497.0321921163658,2.0
288,1743374046.890025,2025-03-30 23:34:06.890025,4.180951118469238,4,1.0,1.913440213318978,3.24037034920393,497.0321921163658,1.0
289,1743374051.071115,2025-03-30 23:34:11.071115,4.140661954879761,4,0.9971803988942642,1.9320582281709855,3.24037034920393,497.0321921163658,2.0
290,1743374055.212249,2025-03-30 23:34:15.212249,4.146044015884399,4,1.0,1.9295501855142525,3.24037034920393,497.0321921163658,2.0
291,1743374059.358995,2025-03-30 23:34:19.358995,4.0683979988098145,4,1.0,1.9663759549435313,3.24037034920393,497.0321921163658,2.0
292,1743374063.427739,2025-03-30 23:34:23.427739,4.052248001098633,4,1.0,1.9742128314533232,3.24037034920393,497.0321921163658,2.0
293,1743374067.480594,2025-03-30 23:34:27.480594,3.4769601821899414,3,0.9971803988942642,3.067813868362546,1.247219128924647,173.09984273694636,1.0
294,1743374070.957683,2025-03-30 23:34:30.957683,2.6897079944610596,3,1.0,3.965734082893991,1.247219128924647,173.2230418339957,2.0
295,1743374073.647437,2025-03-30 23:34:33.647437,4.223714828491211,3,1.0,2.525423022102322,4.988876515698588,595.9932885528158,1.0
296,1743374077.871197,2025-03-30 23:34:37.871197,2.2465429306030273,3,1.0,4.748035980689436,1.247219128924647,276.4842772302894,1.0
297,1743374080.11779,2025-03-30 23:34:40.117790,4.036678075790405,3,1.0,2.6424367924306353,4.189935029992179,504.100739491181,1.0
298,1743374084.155443,2025-03-30 23:34:44.155443,3.1125619411468506,3,1.0,3.42697329992297,2.6246692913372702,170.48753620133056,1.0
299,1743374087.268044,2025-03-30 23:34:47.268044,3.0240790843963623,3,1.0,3.5272446152961123,1.247219128924647,173.2230418339957,2.0
300,1743374090.29216,2025-03-30 23:34:50.292160,4.102480888366699,4,1.0,1.9500395535504864,6.2048368229954285,701.2608287933955,2.0
301,1743374094.394684,2025-03-30 23:34:54.394684,2.089962959289551,3,1.0,5.103758714600677,0.4714045207910317,213.09987225607517,1.0
302,1743374096.484763,2025-03-30 23:34:56.484763,4.064293146133423,4,1.0,1.9683619543070663,5.244044240850758,612.2235600660922,2.0
303,1743374100.552441,2025-03-30 23:35:00.552441,3.1025681495666504,3,1.0,3.438012044362838,2.6246692913372702,170.48753620133056,1.0
304,1743374103.655047,2025-03-30 23:35:03.655047,3.0297200679779053,3,1.0,3.520677299334064,2.0548046676563256,204.01524997465808,2.0
305,1743374106.684771,2025-03-30 23:35:06.684771,3.4947919845581055,3,1.0,3.052160676171231,4.988876515698588,599.7606930175475,1.0
306,1743374110.760093,2025-03-30 23:35:10.760093,4.537883996963501,2,0.9971803988942642,3.525872413377316,4.0,229.0,1.0
307,1743374115.93806,2025-03-30 23:35:15.938060,4.607156991958618,2,1.0,3.4728575622507707,4.0,229.0,1.0
308,1743374121.023727,2025-03-30 23:35:21.023727,4.07011604309082,3,0.9971803988942642,2.6207278990911687,4.988876515698588,558.7929451554982,2.0
309,1743374125.093858,2025-03-30 23:35:25.093858,4.053241014480591,3,0.9971803988942642,2.6316388856618644,3.7712361663282534,179.61625761606325,1.0
310,1743374129.147106,2025-03-30 23:35:29.147106,4.065247058868408,3,1.0,2.6238667692771944,4.988876515698588,599.7606930175475,1.0
311,1743374133.582544,2025-03-30 23:35:33.582544,4.565023899078369,2,1.0,3.504910456926684,4.0,229.0,1.0
312,1743374138.752721,2025-03-30 23:35:38.752721,4.516227960586548,2,0.9971803988942642,3.5427795362929353,4.0,229.0,1.0
313,1743374143.843031,2025-03-30 23:35:43.843031,4.718985080718994,2,1.0,3.3905595644651214,4.0,229.0,1.0
314,1743374148.96218,2025-03-30 23:35:48.962180,4.7365570068359375,2,1.0,3.377981089831355,4.0,229.0,1.0
315,1743374153.733826,2025-03-30 23:35:53.733826,4.1026389598846436,3,0.9971803988942642,2.599952560038719,4.988876515698588,558.7929451554982,2.0
316,1743374157.836756,2025-03-30 23:35:57.836756,4.064218997955322,3,0.9971803988942642,2.624530487169364,3.7712361663282534,179.61625761606325,1.0
317,1743374161.900982,2025-03-30 23:36:01.900982,4.043774127960205,3,1.0,2.6377998199536523,4.988876515698588,599.7606930175475,1.0
318,1743374166.564486,2025-03-30 23:36:06.564486,4.477603912353516,2,1.0,3.573339740001721,4.0,229.0,1.0
319,1743374171.701301,2025-03-30 23:36:11.701301,4.490571975708008,2,1.0,3.5630204986253124,4.0,229.0,1.0
320,1743374176.803817,2025-03-30 23:36:16.803817,4.541745901107788,2,1.0,3.52287431934433,4.0,229.0,1.0
321,1743374182.046945,2025-03-30 23:36:22.046945,4.232298851013184,3,1.0,2.5203009149774807,6.599663291074443,708.1600572375335,1.0
322,1743374186.279255,2025-03-30 23:36:26.279255,4.02642297744751,3,1.0,2.6491669470425685,4.109609335312651,397.68105590060765,1.0
323,1743374190.305823,2025-03-30 23:36:30.305823,4.024784803390503,3,1.0,2.65024521501895,3.39934634239519,275.2792521543654,1.0
324,1743374194.347038,2025-03-30 23:36:34.347038,4.599211931228638,2,1.0,3.4788568648815765,4.0,229.0,0.0
325,1743374199.59071,2025-03-30 23:36:39.590710,4.4784650802612305,2,1.0,3.5726526194252957,4.0,229.0,0.0
326,1743374204.710002,2025-03-30 23:36:44.710002,4.478898048400879,2,1.0,3.5723072566281235,4.0,229.0,1.0
327,1743374209.854961,2025-03-30 23:36:49.854961,4.449900150299072,2,1.0,3.595586296228391,4.0,229.0,1.0
328,1743374214.639253,2025-03-30 23:36:54.639253,4.047365188598633,3,0.9886994082884974,2.635459408682593,4.988876515698588,558.7929451554982,2.0
329,1743374218.686633,2025-03-30 23:36:58.686633,4.030273914337158,3,0.9971803988942642,2.6466356613433724,3.7712361663282534,179.61625761606325,1.0
330,1743374222.718639,2025-03-30 23:37:02.718639,4.075507164001465,3,0.9971803988942642,2.6172611744825858,4.4969125210773475,555.1079975003863,1.0
331,1743374226.794374,2025-03-30 23:37:06.794374,4.919368028640747,3,1.0,2.168300197213327,7.408703590297622,775.8373254462275,1.0
332,1743374231.713863,2025-03-30 23:37:11.713863,5.119029998779297,2,1.0,3.12559215394624,4.0,229.0,1.0
333,1743374236.832999,2025-03-30 23:37:16.832999,5.127847909927368,2,1.0,3.1202173467400334,4.0,229.0,1.0
334,1743374241.960892,2025-03-30 23:37:21.960892,5.092850923538208,2,1.0,3.1416588155076326,4.0,229.0,1.0
335,1743374247.054084,2025-03-30 23:37:27.054084,4.094609975814819,3,1.0,2.6050507202567004,4.189935029992179,504.100739491181,2.0
336,1743374251.151528,2025-03-30 23:37:31.151528,4.021770000457764,3,1.0,2.652231894278532,2.8674417556808756,152.63100020055631,1.0
337,1743374255.173344,2025-03-30 23:37:35.173344,4.187559127807617,3,1.0,2.5472277145495887,7.408703590297622,775.8373254462275,1.0
338,1743374259.360992,2025-03-30 23:37:39.360992,5.185934066772461,2,1.0,3.085268689109622,4.0,229.0,1.0
339,1743374264.546981,2025-03-30 23:37:44.546981,5.127784967422485,2,1.0,3.1202556467656453,4.0,229.0,1.0
340,1743374269.674797,2025-03-30 23:37:49.674797,5.112794876098633,2,1.0,3.129403855960862,4.0,229.0,1.0
341,1743374274.787678,2025-03-30 23:37:54.787678,4.739803075790405,3,1.0,2.2504451126142837,6.342099196813483,693.6480055154456,2.0
342,1743374279.527498,2025-03-30 23:37:59.527498,4.035827875137329,3,1.0,2.6429934567771194,4.109609335312651,397.68105590060765,1.0
343,1743374283.563638,2025-03-30 23:38:03.563638,4.043682098388672,3,0.9971803988942642,2.63785985325531,3.858612300930075,261.7496683644296,1.0
344,1743374287.607484,2025-03-30 23:38:07.607484,4.589767932891846,3,1.0,2.324010020250847,5.792715732327589,656.7881444321804,1.0
345,1743374292.197307,2025-03-30 23:38:12.197307,5.12910795211792,2,1.0,3.1194508186152046,4.0,229.0,1.0
346,1743374297.326454,2025-03-30 23:38:17.326454,5.118628978729248,2,1.0,3.125837029112464,4.0,229.0,1.0
347,1743374302.44512,2025-03-30 23:38:22.445120,5.107742786407471,2,1.0,3.1324991623655336,4.0,229.0,1.0
348,1743374307.552895,2025-03-30 23:38:27.552895,4.404489040374756,3,1.0,2.421771644539975,5.792715732327589,649.2854191767713,2.0
349,1743374311.95743,2025-03-30 23:38:31.957430,4.045015096664429,3,1.0,2.636990570310241,3.858612300930075,359.93085755770124,1.0
350,1743374316.002521,2025-03-30 23:38:36.002521,4.048166036605835,3,1.0,2.634938036190354,4.4969125210773475,336.2155393328644,1.0
351,1743374320.051114,2025-03-30 23:38:40.051114,4.910259962081909,3,1.0,2.172322188445617,7.408703590297622,775.8373254462275,1.0
352,1743374324.96168,2025-03-30 23:38:44.961680,5.187576055526733,2,1.0,3.084292129645779,4.0,229.0,1.0
353,1743374330.149331,2025-03-30 23:38:50.149331,5.116621971130371,2,1.0,3.127063146403458,4.0,229.0,1.0
354,1743374335.265988,2025-03-30 23:38:55.265988,5.051023960113525,3,1.0,2.1117830267482884,7.408703590297623,772.1347032739818,2.0
355,1743374340.317054,2025-03-30 23:39:00.317054,4.0321290493011475,3,0.9971803988942642,2.6454179755272027,4.4969125210773475,512.7834717391825,1.0
356,1743374344.352016,2025-03-30 23:39:04.352016,4.061034917831421,3,1.0,2.6265882669047897,3.858612300930075,197.46898490649107,1.0
357,1743374348.413081,2025-03-30 23:39:08.413081,4.197535037994385,3,1.0,2.541173943782798,5.792715732327589,656.7881444321804,1.0
358,1743374352.610652,2025-03-30 23:39:12.610652,5.123230934143066,2,1.0,3.123029237930737,4.0,229.0,1.0
359,1743374357.733922,2025-03-30 23:39:17.733922,5.188760995864868,2,1.0,3.083587779963471,4.0,229.0,1.0
360,1743374362.922726,2025-03-30 23:39:22.922726,5.093463182449341,2,1.0,3.1412811729221004,4.0,229.0,1.0
361,1743374368.016232,2025-03-30 23:39:28.016232,4.947164058685303,3,1.0,2.1561174321559307,7.408703590297623,772.1347032739818,2.0
362,1743374372.963454,2025-03-30 23:39:32.963454,4.028636932373047,3,1.0,2.6477110858395285,4.4969125210773475,512.7834717391825,1.0
363,1743374376.994469,2025-03-30 23:39:36.994469,4.050337076187134,3,1.0,2.6335256710801827,3.858612300930075,197.46898490649107,1.0
364,1743374381.044877,2025-03-30 23:39:41.044877,4.398751974105835,3,1.0,2.424930236907698,5.792715732327589,656.7881444321804,1.0
365,1743374385.443682,2025-03-30 23:39:45.443682,5.120124101638794,2,1.0,3.1249242562067767,4.0,229.0,1.0
366,1743374390.563846,2025-03-30 23:39:50.563846,5.11715292930603,2,1.0,3.1267386808722684,4.0,229.0,1.0
367,1743374395.681039,2025-03-30 23:39:55.681039,5.249215841293335,2,1.0,3.0480743188601327,4.0,229.0,1.0
368,1743374400.930309,2025-03-30 23:40:00.930309,4.433203935623169,3,1.0,2.406085265095586,5.792715732327589,649.2854191767713,2.0
369,1743374405.363649,2025-03-30 23:40:05.363649,4.097165107727051,3,1.0,2.603426121771334,3.858612300930075,359.93085755770124,1.0
370,1743374409.46088,2025-03-30 23:40:09.460880,4.0742340087890625,3,1.0,2.6180790410310766,4.4969125210773475,336.2155393328644,1.0
371,1743374413.535185,2025-03-30 23:40:13.535185,4.737579822540283,3,0.9971803988942642,2.2515012023474923,7.408703590297622,775.8373254462275,1.0
372,1743374418.272822,2025-03-30 23:40:18.272822,5.122719049453735,2,1.0,3.1233413047912846,4.0,229.0,1.0
373,1743374423.395565,2025-03-30 23:40:23.395565,5.120116949081421,2,1.0,3.1249286215758207,4.0,229.0,1.0
374,1743374428.516047,2025-03-30 23:40:28.516047,5.1214659214019775,2,1.0,3.1241055286803654,4.0,229.0,1.0
375,1743374433.637514,2025-03-30 23:40:33.637514,4.296137809753418,3,1.0,2.4828502108220065,5.792715732327589,649.2854191767713,1.0
376,1743374437.933876,2025-03-30 23:40:37.933876,4.043859004974365,3,1.0,2.6377444548748024,3.858612300930075,359.93085755770124,1.0
377,1743374441.977793,2025-03-30 23:40:41.977793,4.086062908172607,3,1.0,2.6104998641435686,4.4969125210773475,336.2155393328644,1.0
378,1743374446.063916,2025-03-30 23:40:46.063916,4.977536916732788,3,1.0,2.142960834867735,7.408703590297622,775.8373254462275,1.0
379,1743374451.041458,2025-03-30 23:40:51.041458,5.119916200637817,2,1.0,3.1250511479087857,4.0,229.0,1.0
380,1743374456.161416,2025-03-30 23:40:56.161416,5.382555961608887,2,1.0,2.972565471519497,4.0,229.0,1.0
381,1743374461.544007,2025-03-30 23:41:01.544007,4.7033820152282715,3,1.0,2.267871636224934,6.342099196813483,693.6480055154456,2.0
382,1743374466.247401,2025-03-30 23:41:06.247401,4.0296690464019775,3,1.0,2.6470329309526672,4.109609335312651,397.68105590060765,1.0
383,1743374470.277086,2025-03-30 23:41:10.277086,4.028503894805908,3,1.0,2.647798524017707,4.109609335312651,296.4336163273135,1.0
384,1743374474.306716,2025-03-30 23:41:14.306716,4.446519136428833,3,1.0,2.3988801890625546,6.599663291074443,715.6169055825579,1.0
385,1743374478.954527,2025-03-30 23:41:18.954527,4.919891119003296,2,1.0,3.252104490320791,4.0,229.0,1.0
386,1743374484.070021,2025-03-30 23:41:24.070021,4.923420190811157,2,1.0,3.249773405459411,4.0,229.0,1.0
387,1743374489.185223,2025-03-30 23:41:29.185223,5.1215879917144775,2,1.0,3.1240310672947977,4.0,229.0,1.0
388,1743374494.308385,2025-03-30 23:41:34.308385,4.843628168106079,3,1.0,2.2022059283789885,6.599663291074443,708.1600572375335,2.0
389,1743374499.152025,2025-03-30 23:41:39.152025,4.2511749267578125,3,1.0,2.5091102696170804,4.109609335312651,397.68105590060765,1.0
390,1743374503.403466,2025-03-30 23:41:43.403466,4.226181983947754,3,1.0,2.5239487336753865,6.599663291074444,577.3479597839302,1.0
391,1743374507.631789,2025-03-30 23:41:47.631789,4.177164077758789,3,0.9971803988942642,2.5535665987987115,4.109609335312651,296.4336163273135,1.0
392,1743374511.808959,2025-03-30 23:41:51.808959,5.026005983352661,3,1.0,2.1222948603716802,5.792715732327589,656.7881444321804,1.0
393,1743374516.835072,2025-03-30 23:41:56.835072,5.1174399852752686,2,1.0,3.126563290637077,4.0,229.0,1.0
394,1743374521.952551,2025-03-30 23:42:01.952551,5.127146005630493,2,1.0,3.1206445032829633,4.0,229.0,1.0
395,1743374527.079737,2025-03-30 23:42:07.079737,5.113360166549683,2,1.0,3.129057895171942,4.0,229.0,1.0
396,1743374532.193136,2025-03-30 23:42:12.193136,4.1295270919799805,3,1.0,2.583023777076694,7.408703590297623,772.1347032739818,1.0
397,1743374536.323197,2025-03-30 23:42:16.323197,4.09535813331604,3,1.0,2.604574818473761,4.4969125210773475,512.7834717391825,1.0
398,1743374540.421703,2025-03-30 23:42:20.421703,4.330363988876343,3,1.0,2.463226346345654,3.858612300930075,197.46898490649107,1.0
399,1743374544.75212,2025-03-30 23:42:24.752120,4.848886013031006,3,1.0,2.199817986647,5.792715732327589,656.7881444321804,1.0
400,1743374549.601043,2025-03-30 23:42:29.601043,5.109873056411743,2,1.0,3.1311932455784968,4.0,229.0,1.0
401,1743374554.710963,2025-03-30 23:42:34.710963,5.132220983505249,2,1.0,3.117558665424453,4.0,229.0,1.0
402,1743374559.844067,2025-03-30 23:42:39.844067,5.114686012268066,3,1.0,2.085497847000117,7.408703590297623,772.1347032739818,2.0
403,1743374564.958808,2025-03-30 23:42:44.958808,4.046050071716309,3,1.0,2.6363160310920066,4.4969125210773475,512.7834717391825,1.0
404,1743374569.012255,2025-03-30 23:42:49.012255,4.031157970428467,3,1.0,2.646055238944883,3.858612300930075,197.46898490649107,1.0
405,1743374573.043442,2025-03-30 23:42:53.043442,4.334394931793213,3,1.0,2.4609355710587466,5.792715732327589,656.7881444321804,1.0
406,1743374577.378014,2025-03-30 23:42:57.378014,5.100579023361206,2,0.9971803988942642,3.136898757321132,4.0,229.0,1.0
407,1743374582.478633,2025-03-30 23:43:02.478633,5.145130157470703,2,1.0,3.1097366850415007,4.0,229.0,1.0
408,1743374587.624111,2025-03-30 23:43:07.624111,5.116781949996948,2,1.0,3.1269653771369996,4.0,229.0,1.0
409,1743374592.740948,2025-03-30 23:43:12.740948,4.6964111328125,3,1.0,2.271237837791005,7.408703590297623,772.1347032739818,2.0
410,1743374597.437794,2025-03-30 23:43:17.437794,4.0317299365997314,3,1.0,2.6456798531656336,4.4969125210773475,512.7834717391825,1.0
411,1743374601.471938,2025-03-30 23:43:21.471938,4.0242249965667725,3,1.0,2.650613888579,3.858612300930075,197.46898490649107,1.0
412,1743374605.496204,2025-03-30 23:43:25.496204,4.6514739990234375,3,1.0,2.2931798971478936,5.792715732327589,656.7881444321804,1.0
413,1743374610.147716,2025-03-30 23:43:30.147716,5.101034879684448,2,1.0,3.136618426923943,4.0,229.0,1.0
414,1743374615.248781,2025-03-30 23:43:35.248781,5.136379957199097,2,0.9971803988942642,3.115034349741702,4.0,229.0,1.0
415,1743374620.385196,2025-03-30 23:43:40.385196,5.12927508354187,2,1.0,3.1193491749621023,4.0,229.0,1.0
416,1743374625.515255,2025-03-30 23:43:45.515255,4.4188361167907715,3,1.0,2.4139086367415343,5.792715732327589,649.2854191767713,2.0
417,1743374629.934214,2025-03-30 23:43:49.934214,4.025726795196533,3,1.0,2.649625076245624,3.858612300930075,359.93085755770124,1.0
418,1743374633.959979,2025-03-30 23:43:53.959979,4.022017002105713,3,1.0,2.6520690143980423,4.4969125210773475,336.2155393328644,0.0
419,1743374637.98205,2025-03-30 23:43:57.982050,4.934828042984009,3,1.0,2.1615072650468097,7.408703590297622,775.8373254462275,1.0
420,1743374642.91693,2025-03-30 23:44:02.916930,5.146111011505127,2,1.0,3.109143966041328,4.0,229.0,1.0
421,1743374648.063083,2025-03-30 23:44:08.063083,5.3459930419921875,2,1.0,2.992895777140329,4.0,229.0,1.0
422,1743374653.409121,2025-03-30 23:44:13.409121,4.8969409465789795,3,1.0,2.178230610299362,5.792715732327589,649.2854191767713,2.0
423,1743374658.306452,2025-03-30 23:44:18.306452,4.0445709228515625,3,1.0,2.6372801639849346,3.858612300930075,359.93085755770124,1.0
424,1743374662.351098,2025-03-30 23:44:22.351098,4.031198024749756,3,1.0,2.6460289475183547,4.4969125210773475,336.2155393328644,1.0
425,1743374666.382348,2025-03-30 23:44:26.382348,4.6912970542907715,3,1.0,2.2737137604430058,7.408703590297622,775.8373254462275,1.0
426,1743374671.073685,2025-03-30 23:44:31.073685,5.1223790645599365,2,1.0,3.123548608633586,4.0,229.0,1.0
427,1743374676.196115,2025-03-30 23:44:36.196115,5.129699945449829,2,1.0,3.119090818205146,4.0,229.0,1.0
428,1743374681.325839,2025-03-30 23:44:41.325839,5.107369899749756,2,1.0,3.1327278646459398,4.0,229.0,1.0
429,1743374686.433242,2025-03-30 23:44:46.433242,4.346601963043213,3,1.0,2.454024260182901,5.792715732327589,649.2854191767713,2.0
430,1743374690.77996,2025-03-30 23:44:50.779960,4.030716180801392,3,1.0,2.646345261785688,3.858612300930075,359.93085755770124,1.0
431,1743374694.810818,2025-03-30 23:44:54.810818,4.033044099807739,3,1.0,2.6448177611484986,4.109609335312651,296.4336163273135,1.0
432,1743374698.844313,2025-03-30 23:44:58.844313,4.934267997741699,3,1.0,2.1617525986729045,6.599663291074443,715.6169055825579,1.0
433,1743374703.842977,2025-03-30 23:45:03.842977,5.055458068847656,2,1.0,3.164896193797736,4.0,229.0,1.0
434,1743374709.090022,2025-03-30 23:45:09.090022,4.929276943206787,2,1.0,3.245912166093685,4.0,229.0,0.0
435,1743374714.347146,2025-03-30 23:45:14.347146,4.8479039669036865,3,1.0,2.200263606599322,6.599663291074443,708.1600572375335,2.0
436,1743374719.195068,2025-03-30 23:45:19.195068,4.128663063049316,3,1.0,2.583564341234608,4.109609335312651,397.68105590060765,1.0
437,1743374723.323752,2025-03-30 23:45:23.323752,4.042570114135742,3,1.0,2.6385854457708233,4.109609335312651,296.4336163273135,0.0
438,1743374727.366502,2025-03-30 23:45:27.366502,4.2517969608306885,3,1.0,2.508743189040401,6.599663291074443,715.6169055825579,1.0
439,1743374731.814905,2025-03-30 23:45:31.814905,4.924736976623535,2,1.0,3.248904474685227,4.0,229.0,1.0
440,1743374736.92903,2025-03-30 23:45:36.929030,4.930963039398193,2,1.0,3.2448022571170485,4.0,229.0,0.0
441,1743374742.055365,2025-03-30 23:45:42.055365,4.9254209995269775,2,1.0,3.2484532797372223,4.0,229.0,1.0
442,1743374747.24376,2025-03-30 23:45:47.243760,4.518077850341797,3,1.0,2.360885982931818,6.599663291074443,708.1600572375335,2.0
443,1743374751.762321,2025-03-30 23:45:51.762321,4.041722059249878,3,1.0,2.6391390873241645,4.109609335312651,397.68105590060765,1.0
444,1743374755.804152,2025-03-30 23:45:55.804152,4.115109920501709,3,1.0,2.592073327986874,4.109609335312651,296.4336163273135,1.0
445,1743374759.919418,2025-03-30 23:45:59.919418,4.465584993362427,3,1.0,2.388638147638311,6.599663291074443,715.6169055825579,1.0
446,1743374764.833497,2025-03-30 23:46:04.833497,4.678252935409546,2,1.0,3.420080149770551,4.0,229.0,1.0
447,1743374770.017719,2025-03-30 23:46:10.017719,4.607666015625,2,1.0,3.472473904519684,4.0,229.0,1.0
448,1743374775.134531,2025-03-30 23:46:15.134531,4.613509893417358,2,1.0,3.468075363364691,4.0,229.0,1.0
449,1743374780.2453,2025-03-30 23:46:20.245300,4.188400983810425,3,1.0,2.5467157294387315,6.599663291074443,708.1600572375335,2.0
450,1743374784.433741,2025-03-30 23:46:24.433741,4.047104835510254,3,1.0,2.635628949632047,4.109609335312651,397.68105590060765,1.0
451,1743374788.481179,2025-03-30 23:46:28.481179,4.042943000793457,3,0.9971803988942642,2.6383420851031674,4.109609335312651,296.4336163273135,1.0
452,1743374792.524153,2025-03-30 23:46:32.524153,4.634785890579224,3,1.0,2.3014367693549747,6.599663291074443,715.6169055825579,1.0
453,1743374797.602784,2025-03-30 23:46:37.602784,5.195245027542114,2,1.0,3.0797392452478123,6.0,393.0,1.0
454,1743374802.804997,2025-03-30 23:46:42.804997,4.5878801345825195,3,1.0,2.3249662924415735,6.599663291074443,715.6169055825579,1.0
455,1743374807.846967,2025-03-30 23:46:47.846967,4.199954032897949,3,1.0,2.539710335664487,6.599663291074443,708.1600572375335,2.0
456,1743374812.046933,2025-03-30 23:46:52.046933,3.051532030105591,3,1.0,3.4955119466000077,0.9428090415820634,87.92420978699022,1.0
457,1743374815.098663,2025-03-30 23:46:55.098663,4.649190902709961,3,1.0,2.2943060179458725,6.599663291074443,715.6169055825579,1.0
458,1743374820.256703,2025-03-30 23:47:00.256703,3.935969114303589,3,0.9971803988942642,2.7100483659547145,4.988876515698588,558.7929451554982,2.0
459,1743374824.192698,2025-03-30 23:47:04.192698,3.587130069732666,3,0.9971803988942642,2.9735935021340354,2.494438257849294,103.71220864595558,1.0
460,1743374827.780023,2025-03-30 23:47:07.780023,4.257763862609863,3,1.0,2.5052273942050802,6.599663291074443,715.6169055825579,1.0
461,1743374832.672848,2025-03-30 23:47:12.672848,4.311049938201904,3,1.0,2.474261912891602,6.599663291074443,708.1600572375335,2.0
462,1743374836.983911,2025-03-30 23:47:16.983911,3.1022398471832275,3,1.0,3.4383758806888483,0.9428090415820634,87.92420978699022,1.0
463,1743374840.086222,2025-03-30 23:47:20.086222,4.222714185714722,3,0.9971803988942642,2.5260214633402343,6.599663291074443,715.6169055825579,1.0
464,1743374845.216766,2025-03-30 23:47:25.216766,4.154206991195679,3,1.0,2.567678184855336,6.599663291074443,708.1600572375335,2.0
465,1743374849.370985,2025-03-30 23:47:29.370985,3.058094024658203,3,1.0,3.4880113497683767,0.9428090415820634,87.92420978699022,1.0
466,1743374852.429858,2025-03-30 23:47:32.429858,4.183639049530029,3,1.0,2.5496144720861875,6.599663291074443,715.6169055825579,1.0
467,1743374857.506738,2025-03-30 23:47:37.506738,4.118623971939087,3,1.0,2.5898617449275663,6.599663291074443,708.1600572375335,2.0
468,1743374861.625378,2025-03-30 23:47:41.625378,3.1834540367126465,3,0.9971803988942642,3.3506582924255017,2.494438257849294,59.38200251104894,1.0
469,1743374864.809152,2025-03-30 23:47:44.809152,4.094382047653198,3,0.9971803988942642,2.605195739557461,4.189935029992178,545.1001946635336,1.0
470,1743374868.903572,2025-03-30 23:47:48.903572,5.11421799659729,2,1.0,3.1285330446698776,4.0,229.0,1.0
471,1743374874.017797,2025-03-30 23:47:54.017797,3.1521830558776855,3,1.0,3.3838982310298182,2.6246692913372702,335.60691292045817,2.0
472,1743374877.170058,2025-03-30 23:47:57.170058,4.014677047729492,3,1.0,2.6569177395474983,4.189935029992178,324.589313166996,1.0
473,1743374881.184768,2025-03-30 23:48:01.184768,5.113235950469971,3,1.0,2.0860892730143354,5.792715732327589,649.2854191767713,2.0
474,1743374886.298132,2025-03-30 23:48:06.298132,3.1187009811401367,3,1.0,3.4202274380172035,3.858612300930075,359.93085755770124,1.0
475,1743374889.416901,2025-03-30 23:48:09.416901,4.128241777420044,3,1.0,2.5838279930718664,4.189935029992178,324.589313166996,1.0
476,1743374893.545715,2025-03-30 23:48:13.545715,5.055113792419434,3,1.0,2.1100744918269156,5.792715732327589,649.2854191767713,2.0
477,1743374898.601054,2025-03-30 23:48:18.601054,3.063408136367798,3,1.0,3.481960676422911,1.247219128924647,106.48317550987417,1.0
478,1743374901.664491,2025-03-30 23:48:21.664491,4.214770078659058,3,1.0,2.5307825735681173,7.408703590297622,775.8373254462275,1.0
479,1743374905.879302,2025-03-30 23:48:25.879302,5.132723093032837,2,1.0,3.1172536897068177,4.0,229.0,1.0
480,1743374911.012063,2025-03-30 23:48:31.012063,3.08718204498291,3,1.0,3.4551466389879564,2.6246692913372702,335.60691292045817,2.0
481,1743374914.099406,2025-03-30 23:48:34.099406,4.01695990562439,3,1.0,2.6554078002450603,4.027681991198191,326.7333265320002,1.0
482,1743374918.138727,2025-03-30 23:48:38.138727,5.094366073608398,2,1.0,3.14072443338706,4.0,229.0,1.0
483,1743374923.233105,2025-03-30 23:48:43.233105,3.1460299491882324,3,1.0,3.390516568165213,3.39934634239519,380.37291643274966,2.0
484,1743374926.379247,2025-03-30 23:48:46.379247,4.027539014816284,3,1.0,2.6484328587325248,3.39934634239519,275.2792521543654,1.0
485,1743374930.40687,2025-03-30 23:48:50.406870,5.113960027694702,2,1.0,3.128690860576117,4.0,229.0,1.0
486,1743374935.52114,2025-03-30 23:48:55.521140,3.0468108654022217,3,1.0,3.500928392960328,0.9428090415820634,221.61227402831278,2.0
487,1743374938.568696,2025-03-30 23:48:58.568696,4.1841700077056885,3,0.9971803988942642,2.5492909339301764,6.599663291074443,715.6169055825579,1.0
488,1743374942.752989,2025-03-30 23:49:02.752989,5.118851900100708,3,0.9971803988942642,2.083800601157617,6.599663291074443,708.1600572375335,2.0
489,1743374947.871854,2025-03-30 23:49:07.871854,3.0940380096435547,3,1.0,3.4474905070398627,2.494438257849294,59.38200251104894,1.0
490,1743374950.965977,2025-03-30 23:49:10.965977,4.086759090423584,3,0.9971803988942642,2.6100551636776537,4.189935029992178,545.1001946635336,1.0
491,1743374955.052892,2025-03-30 23:49:15.052892,5.108312129974365,2,1.0,3.13215003173275,4.0,229.0,1.0
492,1743374960.161527,2025-03-30 23:49:20.161527,3.1362860202789307,3,1.0,3.4010503499033575,2.6246692913372702,335.60691292045817,2.0
493,1743374963.297872,2025-03-30 23:49:23.297872,4.181208848953247,3,1.0,2.5510963580154655,4.189935029992178,324.589313166996,1.0
494,1743374967.479121,2025-03-30 23:49:27.479121,5.162780046463013,2,1.0,3.099105492778352,4.0,229.0,1.0
495,1743374972.642189,2025-03-30 23:49:32.642189,3.0466768741607666,3,0.9971803988942642,3.50108236194391,1.247219128924647,173.2230418339957,2.0
496,1743374975.688898,2025-03-30 23:49:35.688898,4.505520820617676,3,1.0,2.3674658472012875,5.792715732327589,656.7881444321804,1.0
497,1743374980.194501,2025-03-30 23:49:40.194501,4.88342809677124,3,1.0,2.1842579547181438,7.408703590297623,772.1347032739818,2.0
498,1743374985.07797,2025-03-30 23:49:45.077970,3.2742679119110107,3,1.0,3.257725682087242,1.247219128924647,102.88288919392228,1.0
499,1743374988.353346,2025-03-30 23:49:48.353346,3.2014718055725098,3,1.0,3.331800907351479,4.988876515698588,599.7606930175475,1.0
500,1743374992.482794,2025-03-30 23:49:52.482794,4.16248893737793,2,1.0,3.843854059604746,4.0,229.0,1.0
501,1743374997.601607,2025-03-30 23:49:57.601607,3.083138942718506,3,1.0,3.4596775769247405,3.39934634239519,380.37291643274966,1.0
502,1743375000.684846,2025-03-30 23:50:00.684846,3.1418399810791016,3,1.0,3.395038172186947,3.39934634239519,275.2792521543654,1.0
503,1743375004.762423,2025-03-30 23:50:04.762423,4.207666873931885,2,1.0,3.802582400029374,4.0,229.0,1.0
504,1743375009.895367,2025-03-30 23:50:09.895367,3.0578501224517822,3,0.9971803988942642,3.4882895627710298,1.8856180831641267,141.34905572926746,2.0
505,1743375012.95322,2025-03-30 23:50:12.953220,3.2115800380706787,3,1.0,3.321314287740607,4.988876515698588,599.7606930175475,1.0
506,1743375017.057104,2025-03-30 23:50:17.057104,4.226702928543091,2,1.0,3.785456482392309,4.0,229.0,1.0
507,1743375022.169014,2025-03-30 23:50:22.169014,3.0957441329956055,3,1.0,3.445590529584574,3.39934634239519,380.37291643274966,1.0
508,1743375025.264772,2025-03-30 23:50:25.264772,3.184911012649536,3,1.0,3.3491254933973926,3.39934634239519,275.2792521543654,1.0
509,1743375029.352297,2025-03-30 23:50:29.352297,4.21264386177063,2,1.0,3.7980898753864727,4.0,229.0,0.0
510,1743375034.401253,2025-03-30 23:50:34.401253,3.055042028427124,3,1.0,3.4914958836616585,1.8856180831641267,141.34905572926746,2.0
511,1743375037.456298,2025-03-30 23:50:37.456298,3.293548822402954,3,1.0,3.2386544854326247,4.988876515698588,599.7606930175475,1.0
512,1743375041.633705,2025-03-30 23:50:41.633705,4.244229078292847,2,1.0,3.769824791463817,4.0,229.0,1.0
513,1743375046.622801,2025-03-30 23:50:46.622801,3.0523810386657715,3,1.0,3.494539682807485,1.8856180831641267,141.34905572926746,2.0
514,1743375049.675185,2025-03-30 23:50:49.675185,3.352713108062744,3,0.9971803988942642,3.1815029568187696,4.988876515698588,599.7606930175475,1.0
515,1743375053.921254,2025-03-30 23:50:53.921254,4.22412109375,2,1.0,3.7877701999768814,4.0,229.0,1.0
516,1743375059.01979,2025-03-30 23:50:59.019790,3.3706870079040527,3,0.9971803988942642,3.164537864730244,4.988876515698588,558.7929451554982,2.0
517,1743375062.39059,2025-03-30 23:51:02.390590,3.052454948425293,3,0.9971803988942642,3.494455068753565,1.8856180831641267,159.89649429830814,1.0
518,1743375066.153282,2025-03-30 23:51:06.153282,4.261693000793457,2,1.0,3.754376487705957,4.0,229.0,1.0
519,1743375071.393892,2025-03-30 23:51:11.393892,3.2929248809814453,3,0.9971803988942642,3.2392681437322985,4.988876515698588,558.7929451554982,2.0
520,1743375074.686828,2025-03-30 23:51:14.686828,3.0435800552368164,3,0.9971803988942642,3.5046446858900544,1.8856180831641267,159.89649429830814,1.0
521,1743375078.692249,2025-03-30 23:51:18.692249,4.417392015457153,2,0.9971803988942642,3.622046661019323,3.0,147.0,1.0
522,1743375083.109683,2025-03-30 23:51:23.109683,3.8150479793548584,3,1.0,2.795945614416741,4.189935029992179,504.100739491181,2.0
523,1743375086.926999,2025-03-30 23:51:26.926999,3.413050889968872,3,1.0,3.1252586060221184,2.6246692913372702,170.48753620133056,1.0
524,1743375090.340096,2025-03-30 23:51:30.340096,5.194559097290039,2,0.9971803988942642,3.080145918129428,4.0,229.0,1.0
525,1743375095.535223,2025-03-30 23:51:35.535223,3.7027359008789062,3,1.0,2.880752760177888,2.6246692913372702,335.60691292045817,2.0
526,1743375099.238,2025-03-30 23:51:39.238000,3.4517250061035156,3,1.0,3.0902423129899756,4.189935029992178,324.589313166996,1.0
527,1743375102.689773,2025-03-30 23:51:42.689773,5.135002851486206,2,1.0,3.1158697400468194,4.0,229.0,1.0
528,1743375107.824831,2025-03-30 23:51:47.824831,3.698478937149048,3,1.0,2.8840685178780574,2.6246692913372702,335.60691292045817,2.0
529,1743375111.523348,2025-03-30 23:51:51.523348,3.4536960124969482,3,1.0,3.0884787277369252,4.189935029992178,324.589313166996,1.0
530,1743375114.977081,2025-03-30 23:51:54.977081,5.120983839035034,2,1.0,3.1243996276729002,4.0,229.0,1.0
531,1743375120.099195,2025-03-30 23:52:00.099195,4.258652925491333,3,1.0,2.504704387347091,5.792715732327589,649.2854191767713,2.0
532,1743375124.357973,2025-03-30 23:52:04.357973,3.101130962371826,3,1.0,3.439605355624362,1.247219128924647,106.48317550987417,1.0
533,1743375127.459132,2025-03-30 23:52:07.459132,5.056209087371826,3,1.0,2.1096173995864373,7.408703590297622,775.8373254462275,1.0
534,1743375132.515346,2025-03-30 23:52:12.515346,8.253797054290771,1,1.0,3.8770034917886265,0.0,0.0,0.0
535,1743375140.769179,2025-03-30 23:52:20.769179,8.174500942230225,1,1.0,3.9146120633108077,0.0,0.0,0.0
536,1743375148.94372,2025-03-30 23:52:28.943720,5.095024824142456,2,1.0,3.1403183600176003,4.0,229.0,1.0
537,1743375154.039238,2025-03-30 23:52:34.039238,5.276303052902222,2,1.0,3.032426272634061,4.0,229.0,1.0
538,1743375159.31581,2025-03-30 23:52:39.315810,5.207163095474243,2,1.0,3.0726903894956257,4.0,229.0,1.0
539,1743375164.522998,2025-03-30 23:52:44.522998,5.136672019958496,2,1.0,3.11485723398966,4.0,229.0,1.0
540,1743375169.659979,2025-03-30 23:52:49.659979,5.092933893203735,2,1.0,3.1416076343247252,4.0,229.0,1.0
541,1743375174.752971,2025-03-30 23:52:54.752971,5.320970058441162,2,1.0,3.0069705005420344,4.0,229.0,1.0
542,1743375180.074258,2025-03-30 23:53:00.074258,5.119379997253418,2,1.0,3.125378465475137,4.0,229.0,1.0
543,1743375185.196241,2025-03-30 23:53:05.196241,5.112150192260742,2,1.0,3.129798499312934,4.0,229.0,1.0
544,1743375190.308392,2025-03-30 23:53:10.308392,5.153975963592529,2,1.0,3.1043994215385036,4.0,229.0,0.0
545,1743375195.462405,2025-03-30 23:53:15.462405,5.530527114868164,2,1.0,2.8930334609491206,4.0,229.0,0.0
546,1743375200.993024,2025-03-30 23:53:20.993024,5.164374828338623,2,1.0,3.098148475242877,4.0,229.0,0.0
547,1743375206.157716,2025-03-30 23:53:26.157716,5.1413538455963135,2,1.0,3.112020779060823,4.0,229.0,1.0
548,1743375211.299233,2025-03-30 23:53:31.299233,5.162750959396362,2,1.0,3.0991229532153817,4.0,229.0,1.0
549,1743375216.462006,2025-03-30 23:53:36.462006,5.144503831863403,2,1.0,3.1101152847629625,4.0,229.0,0.0
550,1743375221.606537,2025-03-30 23:53:41.606537,5.252104997634888,2,1.0,3.0463975886249557,4.0,229.0,1.0
551,1743375226.858683,2025-03-30 23:53:46.858683,5.1119489669799805,2,1.0,3.1299216997959243,4.0,229.0,1.0
552,1743375231.971491,2025-03-30 23:53:51.971491,5.181273937225342,2,1.0,3.088043634413251,4.0,229.0,1.0
553,1743375237.152814,2025-03-30 23:53:57.152814,5.1208391189575195,2,1.0,3.1244879263571197,4.0,229.0,1.0
554,1743375242.273696,2025-03-30 23:54:02.273696,5.127786159515381,2,1.0,3.120254921377637,4.0,229.0,1.0
555,1743375247.401968,2025-03-30 23:54:07.401968,5.114377975463867,2,1.0,3.1284351834689774,4.0,229.0,1.0
556,1743375252.51638,2025-03-30 23:54:12.516380,5.116617918014526,2,1.0,3.1270656234985603,4.0,229.0,1.0
557,1743375257.633034,2025-03-30 23:54:17.633034,5.123064994812012,2,1.0,3.1231303948325397,4.0,229.0,1.0
558,1743375262.756137,2025-03-30 23:54:22.756137,5.118605136871338,2,1.0,3.125851588891995,4.0,229.0,1.0
559,1743375267.874868,2025-03-30 23:54:27.874868,5.119793176651001,2,1.0,3.1251262400537136,4.0,229.0,1.0
560,1743375272.994685,2025-03-30 23:54:32.994685,5.121581077575684,2,0.9971803988942642,3.1240352847393855,4.0,229.0,1.0
561,1743375278.116698,2025-03-30 23:54:38.116698,5.1809470653533936,2,0.9971803988942642,3.088238462615645,4.0,229.0,1.0
562,1743375283.297772,2025-03-30 23:54:43.297772,5.12375807762146,2,0.9971803988942642,3.1227079338272516,4.0,229.0,1.0
563,1743375288.421559,2025-03-30 23:54:48.421559,5.116550922393799,2,1.0,3.127106568992054,4.0,229.0,1.0
564,1743375293.53823,2025-03-30 23:54:53.538230,5.325129985809326,2,1.0,3.0046214914260503,4.0,229.0,1.0
565,1743375298.863396,2025-03-30 23:54:58.863396,4.987975120544434,2,1.0,3.207714475980308,3.0,147.0,1.0
566,1743375303.971504,2025-03-30 23:55:03.971504,5.057538032531738,2,1.0,3.163594598218099,4.0,229.0,1.0
567,1743375309.096196,2025-03-30 23:55:09.096196,5.065502166748047,2,1.0,3.1586207000423983,4.0,229.0,1.0
568,1743375314.218213,2025-03-30 23:55:14.218213,5.049686908721924,2,1.0,3.168513274033776,4.0,229.0,1.0
569,1743375319.349111,2025-03-30 23:55:19.349111,5.083439826965332,2,1.0,3.1474750453673694,4.0,229.0,1.0
570,1743375324.528975,2025-03-30 23:55:24.528975,5.104038953781128,2,1.0,3.134772313629586,4.0,229.0,1.0
571,1743375329.63346,2025-03-30 23:55:29.633460,5.185061931610107,2,1.0,3.085787635911911,4.0,229.0,1.0
572,1743375334.842876,2025-03-30 23:55:34.842876,5.353457927703857,2,1.0,2.9887224698639843,4.0,229.0,1.0
573,1743375340.218763,2025-03-30 23:55:40.218763,5.077359914779663,3,1.0,2.1008293376282263,6.599663291074443,708.1600572375335,2.0
574,1743375345.296167,2025-03-30 23:55:45.296167,5.0209221839904785,3,1.0,2.124443732802311,7.363574011458175,753.1427487535149,1.0
575,1743375350.317134,2025-03-30 23:55:50.317134,5.041018009185791,3,1.0,2.1159747192392024,7.363574011458175,753.1427487535149,1.0
576,1743375355.358164,2025-03-30 23:55:55.358164,5.034014940261841,3,1.0,2.118918357066268,7.363574011458175,753.1427487535149,1.0
577,1743375360.392191,2025-03-30 23:56:00.392191,5.025733947753906,3,1.0,2.1224097370760737,7.363574011458175,753.1427487535149,1.0
578,1743375365.417937,2025-03-30 23:56:05.417937,5.059113025665283,3,1.0,2.1084064761063486,7.363574011458175,753.1427487535149,1.0
579,1743375370.477062,2025-03-30 23:56:10.477062,5.078959941864014,3,1.0,2.1001675123966277,7.363574011458175,753.1427487535149,1.0
580,1743375375.556034,2025-03-30 23:56:15.556034,5.098759889602661,3,1.0,2.0920119593036777,7.363574011458175,753.1427487535149,1.0
581,1743375380.654817,2025-03-30 23:56:20.654817,5.068946838378906,3,0.9886994082884974,2.1043161443133145,5.734883511361751,593.5465908886644,1.0
582,1743375385.723792,2025-03-30 23:56:25.723792,5.117033958435059,3,1.0,2.084540918295733,6.79869268479038,656.8749246749085,1.0
583,1743375390.840931,2025-03-30 23:56:30.840931,5.040203094482422,3,1.0,2.1163168361893216,6.79869268479038,656.8749246749085,1.0
584,1743375395.881161,2025-03-30 23:56:35.881161,5.244678974151611,3,0.9971803988942642,2.033807353936687,5.2493385826745405,460.29145356200377,0.0
585,1743375401.125853,2025-03-30 23:56:41.125853,5.026283025741577,3,1.0,2.12217788215237,6.599663291074444,577.3479597839302,1.0
586,1743375406.152227,2025-03-30 23:56:46.152227,5.030017137527466,3,1.0,2.1206024502552547,6.599663291074444,577.3479597839302,0.0
587,1743375411.182754,2025-03-30 23:56:51.182754,5.040597915649414,3,1.0,2.116151068814702,6.599663291074444,577.3479597839302,1.0
588,1743375416.223731,2025-03-30 23:56:56.223731,5.049892902374268,3,1.0,2.112256016687325,6.599663291074444,577.3479597839302,1.0
589,1743375421.273747,2025-03-30 23:57:01.273747,5.126501083374023,3,1.0,2.080691390324717,6.599663291074444,577.3479597839302,0.0
590,1743375426.400654,2025-03-30 23:57:06.400654,5.2435808181762695,3,1.0,2.034233291435481,6.599663291074444,577.3479597839302,1.0
591,1743375431.644827,2025-03-30 23:57:11.644827,5.154200077056885,3,1.0,2.0695096246161775,6.599663291074444,577.3479597839302,0.0
592,1743375436.799049,2025-03-30 23:57:16.799049,5.095976114273071,3,1.0,2.093154761222471,6.599663291074444,577.3479597839302,1.0
593,1743375441.895047,2025-03-30 23:57:21.895047,5.070389986038208,3,1.0,2.103717208348535,6.599663291074444,577.3479597839302,1.0
594,1743375446.965901,2025-03-30 23:57:26.965901,5.161657094955444,3,1.0,2.0665198153304956,6.599663291074444,577.3479597839302,1.0
595,1743375452.127597,2025-03-30 23:57:32.127597,5.145011901855469,3,1.0,2.073205440558825,6.599663291074444,577.3479597839302,1.0
596,1743375457.272647,2025-03-30 23:57:37.272647,5.044880151748657,3,1.0,2.114354820296253,6.599663291074444,577.3479597839302,1.0
597,1743375462.317599,2025-03-30 23:57:42.317599,5.02334189414978,3,1.0,2.123420402479302,6.599663291074444,577.3479597839302,1.0
598,1743375467.341033,2025-03-30 23:57:47.341033,5.035349130630493,3,1.0,2.1183569182483,6.599663291074444,577.3479597839302,1.0
599,1743375472.376475,2025-03-30 23:57:52.376475,5.09319281578064,3,1.0,2.0942986163055313,5.2493385826745405,369.16602708748206,1.0
600,1743375477.469833,2025-03-30 23:57:57.469833,5.034923076629639,3,1.0,2.1185361731100962,6.79869268479038,694.9321309787501,1.0
601,1743375482.504766,2025-03-30 23:58:02.504766,5.4018590450286865,3,1.0,1.9746288412473785,8.055363982396381,818.1187091261403,1.0
602,1743375487.906638,2025-03-30 23:58:07.906638,5.044061183929443,3,1.0,2.1146981128323823,5.2493385826745405,369.16602708748206,1.0
603,1743375492.95071,2025-03-30 23:58:12.950710,5.176707983016968,3,1.0,2.060511564813082,8.055363982396381,818.1187091261403,1.0
604,1743375498.12744,2025-03-30 23:58:18.127440,5.17421293258667,3,1.0,2.0615051613916155,6.599663291074444,577.3479597839302,1.0
605,1743375503.301773,2025-03-30 23:58:23.301773,5.08060884475708,3,1.0,2.099485906629892,5.2493385826745405,369.16602708748206,1.0
606,1743375508.38239,2025-03-30 23:58:28.382390,5.119484901428223,3,1.0,2.083542948567131,5.734883511361751,634.951616704419,1.0
607,1743375513.502031,2025-03-30 23:58:33.502031,5.056968927383423,3,1.0,2.109300416877549,7.363574011458175,761.7471146428234,1.0
608,1743375518.559155,2025-03-30 23:58:38.559155,7.301846981048584,2,1.0,2.1912264173060385,14.0,1404.0,0.0
609,1743375525.920927,2025-03-30 23:58:45.920927,4.293365001678467,3,1.0,2.484453723943013,6.599663291074443,708.1600572375335,2.0
610,1743375530.214304,2025-03-30 23:58:50.214304,2.8104939460754395,3,0.9971803988942642,3.7952996417450215,1.699673171197595,286.5844843439133,1.0
611,1743375533.024942,2025-03-30 23:58:53.024942,3.2994141578674316,3,1.0,3.232897161828584,4.189935029992179,504.100739491181,2.0
612,1743375536.325374,2025-03-30 23:58:56.325374,3.8684592247009277,3,1.0,2.7573424061336227,2.6246692913372702,170.48753620133056,1.0
613,1743375540.19387,2025-03-30 23:59:00.193870,2.2921509742736816,3,1.0,4.65356199761084,1.247219128924647,173.2230418339957,2.0
614,1743375542.486055,2025-03-30 23:59:02.486055,4.084089994430542,4,1.0,1.9588206946736164,6.2048368229954285,701.2608287933955,2.0
615,1743375546.57019,2025-03-30 23:59:06.570190,2.9036099910736084,3,1.0,3.6735879472307063,1.247219128924647,276.4842772302894,1.0
616,1743375549.473837,2025-03-30 23:59:09.473837,3.197406053543091,3,0.9971803988942642,3.3360375529553976,4.189935029992179,504.100739491181,2.0
617,1743375552.67316,2025-03-30 23:59:12.673160,4.035776853561401,3,1.0,2.643026870341899,2.6246692913372702,170.48753620133056,1.0
618,1743375556.708989,2025-03-30 23:59:16.708989,2.163243055343628,3,0.9971803988942642,4.930868327679565,1.247219128924647,173.2230418339957,2.0
619,1743375558.872307,2025-03-30 23:59:18.872307,4.098177909851074,4,1.0,1.9520870435541233,6.2048368229954285,701.2608287933955,2.0
620,1743375562.970526,2025-03-30 23:59:22.970526,2.9521961212158203,3,1.0,3.6131294225377375,1.247219128924647,276.4842772302894,1.0
621,1743375565.922773,2025-03-30 23:59:25.922773,3.2203781604766846,3,1.0,3.3122404062906,4.189935029992179,504.100739491181,2.0
622,1743375569.146103,2025-03-30 23:59:29.146103,3.985236167907715,3,1.0,2.676545684434748,2.6246692913372702,170.48753620133056,1.0
623,1743375573.131396,2025-03-30 23:59:33.131396,2.1125328540802,3,1.0,5.049231137903864,1.247219128924647,173.2230418339957,2.0
624,1743375575.243977,2025-03-30 23:59:35.243977,4.068434953689575,4,1.0,1.9663580937296232,6.2048368229954285,701.2608287933955,2.0
625,1743375579.312451,2025-03-30 23:59:39.312451,3.039870023727417,3,1.0,3.508921955020778,1.247219128924647,276.4842772302894,1.0
626,1743375582.352465,2025-03-30 23:59:42.352465,3.0648319721221924,3,1.0,3.4803430542656173,1.247219128924647,173.2230418339957,2.0
627,1743375585.417351,2025-03-30 23:59:45.417351,4.046428918838501,4,1.0,1.9770519043978025,6.2048368229954285,701.2608287933955,1.0
628,1743375589.464001,2025-03-30 23:59:49.464001,2.0997650623321533,3,1.0,5.079933397319928,1.247219128924647,276.4842772302894,1.0
629,1743375591.564844,2025-03-30 23:59:51.564844,3.9773430824279785,3,1.0,2.6818573217362918,4.189935029992179,504.100739491181,2.0
630,1743375595.544439,2025-03-30 23:59:55.544439,3.1481869220733643,3,1.0,3.388193563691481,2.6246692913372702,170.48753620133056,1.0
631,1743375598.692662,2025-03-30 23:59:58.692662,2.9644579887390137,3,1.0,3.598184459751419,1.247219128924647,173.2230418339957,2.0
632,1743375601.657222,2025-03-31 00:00:01.657222,4.092172861099243,4,1.0,1.9549516287664916,6.2048368229954285,701.2608287933955,2.0
633,1743375605.749438,2025-03-31 00:00:05.749438,2.2093820571899414,3,1.0,4.827895941290181,1.247219128924647,276.4842772302894,1.0
634,1743375607.959314,2025-03-31 00:00:07.959314,3.869736909866333,3,1.0,2.756432004323289,4.189935029992179,504.100739491181,2.0
635,1743375611.830773,2025-03-31 00:00:11.830773,3.3083629608154297,3,1.0,3.224152486593429,2.6246692913372702,170.48753620133056,1.0
636,1743375615.139175,2025-03-31 00:00:15.139175,2.7948360443115234,3,1.0,3.816562580970391,1.247219128924647,173.2230418339957,2.0
637,1743375617.934045,2025-03-31 00:00:17.934045,4.0865068435668945,4,1.0,1.9576622054588868,6.2048368229954285,701.2608287933955,2.0
638,1743375622.020934,2025-03-31 00:00:22.020934,2.3958189487457275,3,1.0,4.452200644064085,1.247219128924647,276.4842772302894,1.0
639,1743375624.416791,2025-03-31 00:00:24.416791,3.6960179805755615,3,1.0,2.8859888460298024,4.189935029992179,504.100739491181,2.0
640,1743375628.115101,2025-03-31 00:00:28.115101,3.474677801132202,3,1.0,3.069828996285929,2.6246692913372702,170.48753620133056,1.0
641,1743375631.589816,2025-03-31 00:00:31.589816,2.700316905975342,3,1.0,3.9501536442123317,1.247219128924647,173.2230418339957,2.0
642,1743375634.290213,2025-03-31 00:00:34.290213,4.09512186050415,4,1.0,1.9535438193321846,6.2048368229954285,701.2608287933955,2.0
643,1743375638.385379,2025-03-31 00:00:38.385379,2.3541338443756104,3,1.0,4.5310366240012145,1.247219128924647,276.4842772302894,1.0
644,1743375640.747538,2025-03-31 00:00:40.747538,3.7420759201049805,3,1.0,2.8504677335267488,4.189935029992179,504.100739491181,2.0
645,1743375644.495986,2025-03-31 00:00:44.495986,3.4813849925994873,3,1.0,3.0639147032980283,2.6246692913372702,170.48753620133056,1.0
646,1743375647.977438,2025-03-31 00:00:47.977438,2.606243133544922,3,1.0,4.092736602113647,1.247219128924647,173.2230418339957,1.0
647,1743375650.583836,2025-03-31 00:00:50.583836,4.083613872528076,4,0.9971803988942642,1.9590490799874218,6.2048368229954285,701.2608287933955,2.0
648,1743375654.667494,2025-03-31 00:00:54.667494,2.587782859802246,3,1.0,4.121932652217116,1.247219128924647,276.4842772302894,1.0
649,1743375657.255853,2025-03-31 00:00:57.255853,3.5326011180877686,3,1.0,3.019493656402577,4.189935029992179,504.100739491181,1.0
650,1743375660.789717,2025-03-31 00:01:00.789717,3.6312029361724854,3,1.0,2.9375022145994407,2.6246692913372702,170.48753620133056,1.0
651,1743375664.421265,2025-03-31 00:01:04.421265,2.529778003692627,3,1.0,4.216443755577333,1.247219128924647,173.2230418339957,2.0
652,1743375666.95109,2025-03-31 00:01:06.951090,4.063745975494385,4,1.0,1.9686269880653011,6.2048368229954285,701.2608287933955,2.0
653,1743375671.015253,2025-03-31 00:01:11.015253,2.631934881210327,3,1.0,4.052785174442261,1.247219128924647,276.4842772302894,1.0
654,1743375673.647232,2025-03-31 00:01:13.647232,3.4645659923553467,3,1.0,3.0787887112564576,4.189935029992179,504.100739491181,2.0
655,1743375677.113759,2025-03-31 00:01:17.113759,3.7510900497436523,3,1.0,2.8436178617987644,2.6246692913372702,170.48753620133056,0.0
656,1743375680.864884,2025-03-31 00:01:20.864884,2.337210178375244,3,1.0,4.5638457188654735,2.0548046676563256,204.01524997465808,2.0
657,1743375683.202104,2025-03-31 00:01:23.202104,3.9347729682922363,3,1.0,2.7108722034593513,4.988876515698588,599.7606930175475,1.0
658,1743375687.274937,2025-03-31 00:01:27.274937,2.032741069793701,3,0.9971803988942642,5.247430095830752,1.8856180831641267,338.4684459279607,2.0
659,1743375689.307691,2025-03-31 00:01:29.307691,4.0997819900512695,4,1.0,1.951323270216121,6.2048368229954285,699.8490908760259,2.0
660,1743375693.407729,2025-03-31 00:01:33.407729,2.9461090564727783,3,1.0,3.6205946426970725,1.247219128924647,173.09984273694636,1.0
661,1743375696.354385,2025-03-31 00:01:36.354385,3.1703431606292725,3,1.0,3.3645148572968586,2.6246692913372702,335.60691292045817,2.0
662,1743375699.524885,2025-03-31 00:01:39.524885,3.932810068130493,3,1.0,2.7122252236648667,4.027681991198191,326.7333265320002,1.0
663,1743375703.528342,2025-03-31 00:01:43.528342,2.095896005630493,3,1.0,5.089311033568143,0.9428090415820634,221.61227402831278,2.0
664,1743375705.624692,2025-03-31 00:01:45.624692,4.070945978164673,4,1.0,1.9651452126629998,6.164414002968976,697.9131392945686,2.0
665,1743375709.69565,2025-03-31 00:01:49.695650,3.0434839725494385,3,0.9971803988942642,3.504755327405752,0.9428090415820634,219.6623671809888,1.0
666,1743375712.739203,2025-03-31 00:01:52.739203,3.0709400177001953,3,0.9971803988942642,3.4734207132625325,3.39934634239519,380.37291643274966,2.0
667,1743375715.810165,2025-03-31 00:01:55.810165,4.077115058898926,4,1.0,1.962171752435286,4.242640687119285,500.8380476760926,2.0
